,Price,Return,SMA_50,SMA_200,Volatility,Upper_band,Lower_band,MACD,MACD_signal,RSI
2020-01-01,100.03172724672709,,,,,,,0.0,0.0,
2020-01-02,100.48111964888204,0.004492498675410683,,,,,,0.010082521843230552,0.005601401024016973,100.0
2020-01-03,100.12625260128429,-0.003531678874974631,,,,,,0.001842728164234586,0.004060961327384848,54.042290320032784
2020-01-06,98.91527047972666,-0.012094551529656439,,,,,,-0.04567210037967584,-0.012786281798313214,20.09796432030609
2020-01-07,98.31712651142361,-0.0060470336420466175,,,,,,-0.09433095990429763,-0.03704397994978406,15.064727166371412
2020-01-08,96.99070868667073,-0.013491218385016213,,,,,,-0.1785268277886587,-0.07539369800828724,9.426804386467609
2020-01-09,97.10153635935568,0.001142662778586212,,,,,,-0.2244267152932906,-0.11310997884400704,12.377510706914848
2020-01-10,98.97034017489604,0.01924587278026424,,,,,,-0.16271556389060038,-0.12503113376393699,44.94683600370065
2020-01-13,98.32018233822892,-0.006569218975282842,,,,,,-0.14976266209637856,-0.13074423950247574,39.45258593559163
2020-01-14,97.49905359094157,-0.008351578768056034,,,,,,-0.18069114749282278,-0.14193524630634324,33.828308695209074
2020-01-15,98.19943481538469,0.007183466901961699,,,,,,-0.1631933069121203,-0.1465863884996879,41.4900720028598
2020-01-16,98.72091986311608,0.00531046893204401,,,,,,-0.1194988795507328,-0.14076912758371438,46.46080443915991
2020-01-17,98.89638417046692,0.0017773771516120807,,,,,,-0.07559704948391754,-0.12697645158163326,48.05972424819515
2020-01-20,97.6457491489119,-0.012645912507774804,,,,,,-0.11423611410980072,-0.1243111634767595,39.0972564619334
2020-01-21,97.63505503364894,-0.00010951951678572769,,,,,,-0.14255283530252427,-0.12809254331722872,39.03022998362139
2020-01-22,98.61968079577763,0.010084756564016306,,,,,,-0.10253042717285155,-0.1228320503755281,47.8884267038761
2020-01-23,96.81014963816756,-0.01834858055723443,,,,,,-0.182717391707925,-0.13508503124233717,37.19350852978058
2020-01-24,96.22076817486622,-0.006088013142260151,,,,,,-0.27904498508836184,-0.16440520734828282,34.49157296374088
2020-01-27,93.7215452464097,-0.025973840947877025,,,,,,-0.5100017504341992,-0.23453519561027958,25.899582140478472
2020-01-28,92.07234005797088,-0.01759686296360985,,,,101.81151445680261,93.71802000148308,-0.7893590889402873,-0.3467942328575697,22.00427088334702
2020-01-29,89.75558757397117,-0.025162306970160975,,,0.18740066054482557,102.51283250666256,91.98908798434758,-1.149012047659923,-0.5087314025809948,17.92564532641613
2020-01-30,89.48750500814549,-0.0029868064270064387,,,0.1840471821686791,102.77640572568663,90.62615330124984,-1.4317502827077817,-0.6947074395494723,17.520940953472746
2020-01-31,87.93999931355577,-0.017292980673099034,,,0.18831713909522807,103.09442287653238,89.08951082163125,-1.7391879256381486,-0.9048439638662831,15.364533413257249
2020-02-03,88.30109045525906,0.004106108079621418,,,0.190587137093906,103.23907312361743,87.88344257209943,-1.9326160306312516,-1.111373686258016,17.903558605657437
2020-02-04,88.5216338287384,0.002497629104490917,,,0.19271729901645224,103.24294749770974,86.9000189297386,-2.0449794869060725,-1.298802934065833,19.49215897742566
2020-02-05,88.31676369914663,-0.002314350975357371,,,0.1903810537849359,103.28711668148469,85.98845524721122,-2.1228684696042563,-1.464115668255199,19.121996097880896
2020-02-06,85.28471974661079,-0.03433146580036128,,,0.21608520191008618,103.55904051114784,84.5348497562736,-2.373666459391657,-1.6464667242822206,14.679039325163131
2020-02-07,84.66934421736468,-0.007215542609208869,,,0.19372456379939854,103.41839969797707,83.24539097369123,-2.585557334970474,-1.8346488435763582,13.969604681992848
2020-02-10,84.63725949590658,-0.00037894141917216295,,,0.19544292279654416,103.15695342991529,82.13854495752079,-2.7231261066072534,-2.012619692732532,13.93179833882634
2020-02-11,84.79706361641061,0.0018881060357556212,,,0.19813726680224097,102.81846788593379,81.20683150404918,-2.787308660762605,-2.1677495277726306,15.163310352541174
2020-02-12,83.02477143692882,-0.020900395649299464,,,0.19677246326386202,102.35753596638432,80.15029708575307,-2.9347636742994467,-2.3213044304878334,12.950194076098867
2020-02-13,82.4960545410177,-0.006368182492531904,,,0.19033249529256155,101.61982031319747,79.26552620673007,-3.0549460688183956,-2.4681491004877367,12.370154171969588
2020-02-14,81.3980405913152,-0.013309896525494636,,,0.1866391319145654,100.69800389342093,78.43750826859146,-3.1949003237860154,-2.613591530239079,11.243825725829396
2020-02-17,80.50565899329281,-0.010963182793341075,,,0.1863729643737649,99.86158326118037,77.55991988527008,-3.3339088762317317,-2.7577280853538517,10.413914959069942
2020-02-18,81.73481642595331,0.015267963122479467,,,0.20386369227347267,98.64690011737372,77.18457916830721,-3.3122001698302483,-2.868667504623988,19.25443035869641
2020-02-19,80.84021687334743,-0.010945146655052862,,,0.19135088670753397,96.9388300563445,77.11470283709338,-3.3243566558425215,-2.9598349203855983,17.872080456501024
2020-02-20,80.82766304973094,-0.00015529181021567418,,,0.19149467421820351,95.36547643557431,77.08980779901991,-3.2965729685214313,-3.0272000189922585,17.852710729096472
2020-02-21,81.8592025638494,0.012762208818084542,,,0.20629840938276905,93.52971009507968,77.48941757841283,-3.158708323308545,-3.0535071436315406,25.041621767705706
2020-02-24,81.21746607602785,-0.007839515506164352,,,0.19504213694004863,92.12024862433856,77.64847113211579,-3.0633840393173273,-3.0554828510393977,23.654727450661284
2020-02-25,81.1148860610023,-0.001263029000800442,,,0.19193360446510097,90.9097903155678,77.76318404118969,-2.961444785212265,-3.0366727375810294,23.43133491522711
2020-02-26,81.26480290430997,0.0018482038327087835,,,0.18021429615596957,90.09687727011459,77.72701861967676,-2.836184026697495,-2.996570731027539,24.552750213078454
2020-02-27,81.36180517925126,0.0011936566813004479,,,0.18140828830234706,89.19625459366455,77.81507131323741,-2.698145502710517,-2.936880607490005,25.31494379396794
2020-02-28,80.00228185675734,-0.016709601261903018,,,0.18088161539655884,88.60094240965455,77.61661175156755,-2.663940280933076,-2.8822888268545532,21.9656358539696
2020-03-02,80.11163670205723,0.0013668965779711773,,,0.1793766879083222,87.76617936958037,77.63242941632153,-2.5981912203987036,-2.8254662118459546,22.849836874548842
2020-03-03,81.6747297475992,0.019511435665148902,,,0.19777233455877058,86.63060013647546,78.08331824131255,-2.395878856356518,-2.7395449983514086,34.30786707449859
2020-03-04,79.94865555870993,-0.021133515767035704,,,0.20679312331535726,85.29566494254344,78.5814426212009,-2.3440221847421157,-2.660437679141786,29.15805908754841
2020-03-05,80.94063467706857,0.012407702311268753,,,0.18379045760987048,84.70865213181253,78.73404692497758,-2.1994270757550822,-2.5682329881727957,35.17996967399537
2020-03-06,81.10032245287185,0.001972899970952735,,,0.18358861865993112,84.19647581243787,78.88932106790297,-2.048582221472685,-2.4643005170612176,36.12132498221945
2020-03-09,80.39937090478708,-0.008643018016261328,,,0.18490749284990815,83.59195844488531,79.07004957634356,-1.9617380934041933,-2.363786239095172,33.800869559506566
2020-03-10,82.70765682018045,0.02871024846857262,89.0307396990805,,0.21535572101874842,82.93994324545568,79.51312409615016,-1.6907971791736855,-2.22918650603929,46.08410236466556
2020-03-11,83.62009141983462,0.01103204509393807,88.70250698254263,,0.20616624327715874,83.11570863661403,79.39689070328241,-1.3878061825234767,-2.0609085199411883,50.03101702140377
2020-03-12,82.25249919846203,-0.016354828105918595,88.33793457353426,,0.2134571349872487,83.07227100996523,79.41597279567564,-1.241870943487129,-1.8970995083557598,44.743950425905936
2020-03-13,82.36305722853753,0.0013441297365170968,87.98267066607931,,0.20765371373727307,83.18734536024397,79.39740010911913,-1.1046934532505333,-1.7386171392235044,45.24767871251279
2020-03-16,83.05563263289531,0.00840881127610471,87.66547790914268,,0.2046224313866063,83.43151775080128,79.40822508252208,-0.9301796017957145,-1.5769286865061931,48.419877064619136
2020-03-17,82.86126524420055,-0.0023402071904485844,87.35636068379823,,0.19852248762793734,83.58566653226663,79.36672118288143,-0.79815319699334,-1.4211728601639577,47.5866111898937
2020-03-18,83.68238069797295,0.009909521069374039,87.09019412402428,,0.1960015135134115,83.92142601306448,79.31517808454616,-0.6209344623068063,-1.2611245817808259,51.392277420021244
2020-03-19,83.62957349310284,-0.0006310432904711449,86.8207548666992,,0.19607176995537134,84.19597068088179,79.32082446106604,-0.47918626168612377,-1.1047364496679108,51.135130419767414
2020-03-20,84.43978470571449,0.009688094519320511,86.53014375731559,,0.19408110724037514,84.60462638885346,79.17022696728088,-0.29873666197777027,-0.9435361061317457,54.86653251682601
2020-03-23,86.1834349792361,0.020649629550791637,86.28740881013573,,0.20184741990608623,85.43943517589506,78.83201507056009,-0.016253073943175878,-0.7580791444290733,61.65311610197719
2020-03-24,85.39766154770034,-0.009117453159357969,86.0453809692709,,0.20595626194450412,85.91946903820023,78.78025875692471,0.1431146926745015,-0.5778401007928277,57.459965109451396
2020-03-25,85.66656921168268,0.0031488879099124123,85.79472365719687,,0.2059403758519277,86.39175348391426,78.748150941948,0.28759625349140094,-0.40475261773134524,58.50017798845582
2020-03-26,85.13824546556806,-0.006167210277898905,85.5230701692459,,0.20830819579202034,86.70052696190072,78.8170214925932,0.3556860050860422,-0.25266474400051525,55.62240972388467
2020-03-27,85.31566727904074,0.002083926119248458,85.25145583141739,,0.19580500609002016,86.89961597283641,79.14927102388586,0.4190192771241499,-0.11832783436977616,56.398112749535514
2020-03-30,83.93455490570919,-0.01618826198492196,84.97723194655333,,0.2076519817979987,86.85582341691305,79.57535540017439,0.3544234053018869,-0.023777527085253786,49.19009111039882
2020-03-31,83.28156070327829,-0.007779801813025289,84.6901620599459,,0.2003171241884536,86.86317080633461,79.72869110632075,0.24801008118483026,0.030580021865392194,46.184611423527095
2020-04-01,83.07804115763187,-0.0024437527818615967,84.379329267183,,0.1831127351025296,86.65760230285107,80.24719816969647,0.1456742187211688,0.05359887048401341,45.25650314496437
2020-04-02,84.15523383141706,0.012966033608584171,84.12623095104799,,0.18354447394499201,86.60316972261408,80.62309066536834,0.14931060679680286,0.0727412238986865,50.88261705933313
2020-04-03,85.54103679043745,0.016467222487866584,83.91263632335942,,0.19057924926573608,86.69627433528908,80.97405748644988,0.2604567527318693,0.11028433931803673,57.00458323230643
2020-04-06,83.99580307179195,-0.018064238833474522,83.71812147986707,,0.200705852769321,86.37507772643448,81.65489731200495,0.22186072528919,0.13259962110225462,49.58345601759248
2020-04-07,83.09145270535922,-0.0107666137278285,83.53850373281483,,0.1795195858967654,86.35543198855126,81.71292263840607,0.11725812395138746,0.12953132116719104,45.82355744516911
2020-04-08,83.87255874163102,0.009400558190282071,83.42084315616802,,0.17831441275819157,86.36130992454406,81.7322914345929,0.09603692700723343,0.12283244145335655,49.39305750178995
2020-04-09,81.58982919454152,-0.027216643695364473,83.26288963989593,,0.19507814453848155,86.45199108430766,81.57534327443726,-0.10311805813783792,0.07764233677604417,40.90994940418568
2020-04-10,81.08680389350343,-0.006165294203995586,83.1258257314949,,0.19604094044842668,86.62533128532822,81.2743777399133,-0.297960314786323,0.0025218001346780567,39.30785363449176
2020-04-13,81.00073404449589,-0.0010614532189551218,82.97981860327964,,0.19305925159841908,86.80960796591637,80.88461120048518,-0.45405538932476475,-0.08879364391185922,39.02623455376666
2020-04-14,82.46355404588553,0.018059342531218103,82.85865700762257,,0.20466607548341226,86.82274040352289,80.83170764304717,-0.4548159458605028,-0.1619981082487648,46.09489578542526
2020-04-15,83.28829983955998,0.010001336993255672,82.75808773043083,,0.20472624857070162,86.81221830224091,80.80282165848787,-0.3846110146529327,-0.20652069145012072,49.63973134515073
2020-04-16,82.9325057556052,-0.004271837516675814,82.71104345061072,,0.2052453459925808,86.80212535340843,80.74320783357058,-0.3535362139682121,-0.2359237969684029,48.168132925014014
2020-04-17,82.53042644962314,-0.004848271522953418,82.6682650952559,,0.20229123707180918,86.73831400365928,80.6160833577106,-0.35716124966816665,-0.2601712881777558,46.49078016659086
2020-04-20,82.26652614118869,-0.0031976123205365026,82.62085042816153,,0.18533910052684055,86.36328227968698,80.59942419787814,-0.3769368006308582,-0.2835243911841433,45.373957765087425
2020-04-21,84.0652856253484,0.021865022975111614,82.6062148683403,,0.2020101360662207,86.16891497614186,80.66055390918807,-0.2449248175652059,-0.2758044763239567,53.56245836594834
2020-04-22,83.5881160606697,-0.005676178474016913,82.61748176081511,,0.20220361850124677,85.8561678220704,80.76545574815822,-0.17670254544270847,-0.25598408986755034,51.3628853486086
2020-04-23,83.25846723062796,-0.003943728433865923,82.63273001460732,,0.20162511779314557,85.61247794127789,80.82116780545672,-0.1474913715492363,-0.23428554595852427,49.840162657126776
2020-04-24,83.69557252195938,0.0052499800425178655,82.6786806532202,,0.2025864390793287,85.33408746706195,80.93754880396452,-0.08811004571288095,-0.20505044564492741,51.87739131833174
2020-04-27,83.57925078017098,-0.00138981953624695,82.74015248895776,,0.19440071227570588,85.29478071425461,80.94132514421807,-0.04984856216159983,-0.1740100687236225,51.28049977852931
2020-04-28,83.37373349735344,-0.002458951006369836,82.77293083038576,,0.19253615540124447,85.30123648979172,80.94408664808849,-0.035676523217162526,-0.14634335946215124,50.181907367396505
2020-04-29,82.10807552501142,-0.015180536114317134,82.79828800341903,,0.19995544292553255,85.2996022599914,80.84872431462672,-0.12500553496332145,-0.1420757945426193,43.9389960184391
2020-04-30,82.11946465953383,0.00013870906667334815,82.8241240356151,,0.19357032256035117,85.17573430163765,80.76901535579216,-0.19265927745058775,-0.15219249116169883,44.00650112956325
2020-05-01,81.63555874674682,-0.005892706617039889,82.81965115927305,,0.18253233864513585,84.6958001360434,80.85840171701736,-0.28202881329592344,-0.17815975566551795,41.708474883548554
2020-05-04,83.00415982151632,0.016764766429972378,82.85538503418282,,0.18442184532814646,84.56306455262778,80.89197297540541,-0.23976360256565954,-0.190480525074764,49.70757850119693
2020-05-05,83.79170055917498,0.009487967101312833,82.90892132414626,,0.18352206985491568,84.65319254204688,80.87186977136788,-0.14115098680920823,-0.18061461740293588,53.649192098627395
2020-05-06,83.78851564838885,-3.800985974600213e-05,82.95939557902786,,0.18047217554822517,84.63894939393555,80.877708610155,-0.06253631740533194,-0.15699895736757338,53.630886016790896
2020-05-07,84.6016091954135,0.009704116855783873,83.02419165935109,,0.1519194503356064,84.87592112786244,80.94191487631532,0.06457996666132715,-0.11268317250798648,57.607799138003756
2020-05-08,84.22528001802166,-0.0044482508189955805,83.10865162257637,,0.15083521304319736,84.91820523025018,81.21347838637939,0.1334366778040561,-0.06345920239776504,55.24606651723266
2020-05-11,85.50072735201589,0.01514328398458642,83.21643343557557,,0.15737975094121245,85.1798645695482,81.40181837783338,0.28753987192604313,0.0067406125215465846,61.071128855038346
2020-05-12,85.51991639410323,0.0002244313315411528,83.29333716850564,,0.14674843393564513,85.5346045898331,81.35271459237023,0.4065276760136385,0.0866980252696708,61.153051077987236
2020-05-13,86.2471181031805,0.00850330238544772,83.41930641939506,,0.14573925529244136,86.02664097265325,81.15656003591214,0.5530948820755697,0.17997739667724055,64.22553321264695
2020-05-14,84.72783148302818,-0.017615505927221053,83.49505035551424,,0.16008717680396164,86.14628742002876,81.21644616127895,0.5404901292171758,0.2520799432139142,54.52306518169529
2020-05-15,85.16560518412949,0.005166822913306834,83.57635601013939,,0.15907942902372885,86.3006229565858,81.32562849817252,0.5593596694658345,0.3135358884838589,56.559470624993
2020-05-18,83.20128560270838,-0.023064705254829287,83.63239430409782,,0.1811589765729892,86.25854715539819,81.46118024551208,0.4111420618276611,0.33305712315759,46.49813265937004
2020-05-19,80.88821942073892,-0.02780084664814564,83.59600555610899,,0.18952279705119535,86.43919169521924,80.96282908523013,0.10589189934020737,0.2876240783848586,37.939528712210524
2020-05-20,80.56831983951747,-0.003954835246867017,83.53497012450265,,0.18916079217591228,86.62654704073078,80.47349411760335,-0.15997889130657938,0.1981034844319825,36.92719424365767
2020-05-21,79.58347984218148,-0.012223663088639314,83.48158973737704,,0.19267331752045147,86.9183495346337,79.81419288485577,-0.4449923022627331,0.0694843270762713,33.925953427344666
2020-05-22,79.79040592944156,0.0026001135872726344,83.43013671139512,,0.19154352740396427,87.06021098085293,79.28181477938477,-0.6467196250662965,-0.07375646336718171,35.11913197282682
2020-05-25,82.36246930438737,0.032235246142503504,83.41627344482497,,0.22751218590886657,87.01053547754633,79.20981213511298,-0.5922818877192526,-0.1774615482462487,47.749501845721255
2020-05-26,81.4334187907669,-0.011280022581486526,83.38771651575627,,0.23058381599176825,86.98184347321602,79.04447266878465,-0.6169724286800147,-0.26536372433886934,44.388187169596804
2020-05-27,80.74939976308943,-0.008399733645408691,83.32905689705862,,0.2262992470146272,87.02412584875798,78.8663227170505,-0.6838365765582068,-0.34905829478720607,42.04161837622529
2020-05-28,81.0062396195408,0.003180702979897365,83.27659021958738,,0.2267126993906005,87.0455643857832,78.73356167602597,-0.7079459244622797,-0.4208358207252871,43.254658086696594
2020-05-29,81.59176764077021,0.007228184198889265,83.21962987828849,,0.2274216911309926,87.04620174531031,78.7285452059012,-0.6720687647412689,-0.4710824095302006,46.0279624231795
2020-06-01,81.41493112184159,-0.0021673328577362927,83.1242598011406,,0.21875332228832467,87.01776176370116,78.5980623175429,-0.6504044273664675,-0.5069468130984346,45.3077693314169
2020-06-02,81.20490571719992,-0.0025796914859186337,83.04040468453059,,0.21533773236330817,86.91998911314128,78.43715548390524,-0.6427696217794221,-0.5341113748352262,44.41881645359033
2020-06-03,82.03205962986182,0.010186009150019881,82.96771449289417,,0.21926767960542284,86.80806783565237,78.37343115954147,-0.5634908837828618,-0.539987276624856,48.688720226393194
2020-06-04,82.65611835983077,0.007607498004862601,82.91807195077944,,0.21803706113800175,86.60389549943613,78.38305441219941,-0.44518220745739256,-0.5210262627910979,51.70333130749562
2020-06-05,81.49302120714975,-0.014071519153822987,82.84161902934162,,0.22264012344566186,86.40609567857184,78.30762835197653,-0.4401852588797084,-0.5048580620086389,46.249511246336354
2020-06-08,81.42715759545122,-0.0008082116814777107,82.79147108313646,,0.21379769408082075,85.93772703769257,78.36864001719933,-0.436507126459702,-0.49118787489872906,45.95390139716123
2020-06-09,81.4918377268755,0.0007943311953197973,82.7556766236084,,0.21389831784091864,85.3952898194993,78.50826936866984,-0.42349187379272735,-0.47764867467743166,46.316779156891336
2020-06-10,80.32172079321512,-0.01435870102208392,82.70055021632007,,0.21394503172392987,84.51267117667342,78.79834828049917,-0.5017996992163773,-0.4824788795852485,40.95896080008491
2020-06-11,80.63863098784257,0.003945510523153839,82.63021815944856,,0.208656443952553,83.94461270918961,78.95748669846441,-0.53215557043562,-0.49241421775536837,42.88597120649643
2020-06-12,79.69974901433886,-0.011643079278531698,82.51339240392659,,0.20911501483536457,83.08674784943653,79.26876594123843,-0.6247627277131613,-0.5188839197470241,38.84129937059939
2020-06-15,80.81603271806932,0.014006113162660316,82.44979699685214,,0.20381079530352425,82.71676697854052,79.40022152367057,-0.601158621356376,-0.5353388600689428,45.4309542240411
2020-06-16,81.05871862567366,0.0030029426023789885,82.40914231525844,,0.17861118366316764,82.72335811111873,79.41068031158582,-0.5564566796984138,-0.5395624239948469,46.77367454116903
2020-06-17,81.18448067016327,0.0015514931227862405,82.35538075382907,,0.1779950271457101,82.73795186554788,79.45770264022123,-0.5050608973946282,-0.5326621186747902,47.49466963651742
2020-06-18,80.53965784957036,-0.007942685785140347,82.33437732692965,,0.1745710299878793,82.65002501133114,79.64124729517687,-0.5104726980754322,-0.5282242345549119,44.18945289983813
2020-06-19,80.43015513023857,-0.001359612422693779,82.32124435166435,,0.17455150858633278,82.58474332205473,79.77050390453296,-0.5176299196427294,-0.5261053715724728,43.63412368792684
2020-06-22,78.23528194538846,-0.027289182537271084,82.2659353096822,,0.15790605907005867,82.7954736232964,79.14705486739143,-0.6924163868993389,-0.559367574637878,34.32326560255865
2020-06-23,77.0289262572051,-0.015419586383359052,82.15724275390859,,0.1615926006486717,83.27107422888571,78.23100500844592,-0.9176939472026078,-0.6310328491508791,30.47427022013015
2020-06-24,77.44443985596396,0.00539425406725047,82.04036555423669,,0.16258500862512165,83.50767601442799,77.66390723219111,-1.0505906887344452,-0.7149444170676439,33.250781997364086
2020-06-25,75.19320257573382,-0.02906906272957921,81.88557949063926,,0.18728266685560221,84.07225535151449,76.5180241907239,-1.3223157385360906,-0.836418681361393,26.967161901556807
2020-06-26,76.11256438786582,0.01222666119595095,81.75722224940411,,0.19191640329472232,84.17805013179387,75.86430908515408,-1.4468005383032931,-0.9584950527498209,32.571227160254125
2020-06-29,74.29680907015653,-0.02385618369729725,81.59782790798346,,0.20506100764770574,84.48563517179528,74.84491183998415,-1.6726834450006862,-1.1013327312000387,28.001214327443734
2020-06-30,75.11064877106028,0.010953898439100884,81.4187351708977,,0.21222982014832303,84.52904006534027,74.19208125182521,-1.765676123460537,-1.2342014096521718,32.56804864789464
2020-07-01,74.24907983508959,-0.011470662949494503,81.23195444638608,,0.20715257889622113,84.45534404158862,73.48747929609964,-1.8871382817458482,-1.3647887840709334,30.371729484022794
2020-07-02,75.0857850073539,0.011268896181914734,81.0685008019206,,0.21046361236647332,84.0509595623217,73.13483044011888,-1.8940516100795293,-1.4706413492726695,34.95903627170938
2020-07-03,75.24613776273212,0.0021355940456972977,80.89951210673607,,0.20875518601369475,83.7547698493301,72.80633180866869,-1.8650920353284164,-1.5495314864838292,35.83157004765283
2020-07-06,73.66655431667805,-0.020992219574576088,80.7012581774662,,0.21692903734540459,83.5255077655463,72.2595335645752,-1.9471509732715049,-1.6290553838413724,31.36754484701207
2020-07-07,74.98866510859459,0.017947232691691406,80.53355680969104,,0.23099589472920748,83.07492264668682,72.05980142160661,-1.8837877656651045,-1.6800018602061229,38.29668371795205
2020-07-08,76.54056566400207,0.020695135100219586,80.42220661247084,,0.24342271184780737,82.74556909979034,72.01103945558174,-1.688881422493722,-1.681777772663643,45.28021145727969
2020-07-09,76.49302817580454,-0.0006210757365736619,80.30967788279627,,0.24240739030019673,82.32406019303542,72.01798808113287,-1.520722554062516,-1.6495667289434157,45.1117838099854
2020-07-10,76.22311582040253,-0.0035285876613705414,80.20142902426939,,0.24005862218398427,82.0240715881994,71.97031336657525,-1.3931749381743828,-1.598288370789607,44.10855728391062
2020-07-13,76.07552800840399,-0.001936260547866886,80.06285638800712,,0.2324040513432523,81.46565105145694,72.05468343235117,-1.2891409450879223,-1.5364588856492678,43.53840102745094
2020-07-14,75.06650874700789,-0.013263388211839144,79.88835255176379,,0.2340765229710544,80.75910242801454,72.162011067927,-1.2734317410395732,-1.4838534567273276,39.75488809851518
2020-07-15,76.25284440823692,0.015803794275650596,79.73763912696074,,0.24361340936081485,79.89263992323146,72.53530994651746,-1.1519771174376956,-1.4174781888693997,45.72664634034348
2020-07-16,75.69818859778907,-0.0072739032196409426,79.55957071500826,,0.24344553898913657,79.03826390150833,72.90553904306246,-1.0879377121811729,-1.3515700935317532,43.55295109871887
2020-07-17,75.66665432325048,-0.000416578984553273,79.38839820111284,,0.2435519204921245,77.96955201812605,73.49790084574593,-1.0278817331834347,-1.2868324214620885,43.42655645859924
2020-07-20,74.85339116908844,-0.010747972953683904,79.17545147745427,,0.22820873550152976,77.49446429235223,73.63479949388974,-1.0339903241614081,-1.2362640020019517,40.18738626945467
2020-07-21,74.22242978073213,-0.008429295967780748,78.94950174518686,,0.2241131084100804,77.31354136562635,73.5350727729683,-1.0773253020932003,-1.2044762620202012,37.82979388910628
2020-07-22,72.92840748321095,-0.017434383397902486,78.68312753278748,,0.2290445806423534,77.14962283222101,73.24738806909835,-1.2022255524786232,-1.2040261201118856,33.49045414103095
2020-07-23,74.2455030534806,0.01806011697942078,78.47348096419653,,0.21847870897454605,77.14826892346476,73.1539720256293,-1.1813149964365124,-1.199483895376811,40.918907631666144
2020-07-24,74.10774034082527,-0.0018555024478196236,78.25232366733044,,0.21321627514355374,77.0460925379534,73.05566600643661,-1.1624592849312023,-1.192078973287689,40.410505006872846
2020-07-27,75.13923713780062,0.01391888070303371,78.09108269803228,,0.20195725799192787,77.05650248159843,73.12949886955597,-1.0521550282612822,-1.1640941842824075,45.83686301945327
2020-07-28,75.17580460472917,0.0004866627386899136,77.97683440171208,,0.19825158364577591,77.06009974324353,73.13241719127775,-0.950826899568824,-1.1214407273396907,46.02451233752334
2020-07-29,74.47085066048412,-0.009377404710886217,77.85488501813141,,0.196762447327758,77.05347183938225,73.16122217767848,-0.9168382979087255,-1.0805202414534976,42.93622573523951
2020-07-30,74.153271592022,-0.0042644748333812155,77.74628085312824,,0.1928830128762363,77.05315305693875,73.0682896185888,-0.9050944887364523,-1.0454350909100887,41.58254793191714
2020-07-31,73.59602044053646,-0.007514855912918117,77.62239314335012,,0.19413558031697886,77.07238280261568,72.88404814069231,-0.93003178608285,-1.022354429944641,39.24449685217576
2020-08-03,73.62630608878223,0.000411512036445405,77.44766987903803,,0.17925186115964592,77.07574801576243,72.87665810475599,-0.936554955541439,-1.0051945350640006,39.44378076125604
2020-08-04,73.26248271020934,-0.004941486241808346,77.28425115742687,,0.16689993883599413,77.12483746713156,72.6549504135483,-0.9600154686291802,-0.9961587217770363,37.83811723497372
2020-08-05,72.97739544670624,-0.0038913131654405575,77.12881107109921,,0.1457745310867485,76.96067641752563,72.46279444142465,-0.9901977287429986,-0.9949665231702289,36.581482097665614
2020-08-06,71.60391105898411,-0.01882068247729063,76.94076449988808,,0.15682295901325055,76.95153056134926,71.98302858591897,-1.112125613501405,-1.018398341236464,31.204617085275927
2020-08-07,70.82087863612833,-0.010935609679347813,76.72534671979524,,0.1591832753955192,77.0281507926627,71.36618463617813,-1.2574431674310205,-1.0662073064753754,28.621735467449525
2020-08-10,72.50174705641224,0.023734080297422855,76.54708303848665,,0.1865196252787681,76.8009927873919,71.23596454624975,-1.2228803319698613,-1.0975419115742726,40.08614217007183
2020-08-11,71.84517050214009,-0.009056010109125823,76.35988833418546,,0.18382934740596718,76.75504702541801,70.95977648373687,-1.2342414800919244,-1.124881825277803,37.54913402562211
2020-08-12,70.81395464939725,-0.014353307891615708,76.13552623457616,,0.175807482857143,76.55647934781003,70.6144551854609,-1.3113391409751642,-1.1621732884172753,33.91826848499497
2020-08-13,71.17051727901443,0.005035202897261559,75.90581421295984,,0.17784604642221338,76.34223771428921,70.37592968710425,-1.328355603046404,-1.1954097513431012,36.21494638927582
2020-08-14,72.60838857714809,0.020203187402680678,75.72812156035981,,0.19598519070023218,75.99872626586492,70.41361456091832,-1.2118480203581328,-1.1986974051461077,44.5797547472879
2020-08-17,71.16663649630482,-0.01985654976093265,75.52291113837687,,0.20389206478395394,75.8431426882303,70.20052267127454,-1.2217681232119304,-1.2033115487592723,39.049916413309
2020-08-18,70.98047322290229,-0.0026158784869957374,75.31268384829743,,0.20266925558736787,75.76197370436778,69.9574959993541,-1.2304675827440406,-1.208742755556226,38.38776742763906
2020-08-19,70.37626619631516,-0.008512299216289043,75.11377475635942,,0.19611547487251263,75.83887540388514,69.62538017114713,-1.2714596942821856,-1.221286143301418,36.23993932931132
2020-08-20,68.68300617294068,-0.024060100299312825,74.87466226006137,,0.19679708964220083,75.96052156930914,68.94748431766915,-1.424160990146234,-1.2618611126703811,31.004491414765383
2020-08-21,69.41415295007126,0.01064523552288299,74.66895033877603,,0.20334030316927124,75.8844881389711,68.55415900893179,-1.4692440255462174,-1.3033376952455484,35.34774940432358
2020-08-24,69.41219446710915,-2.8214461732622986e-05,74.44087357375683,,0.19356963850066033,75.53188725188724,68.33405562894652,-1.4879781956471305,-1.340265795325865,35.34133173067477
2020-08-25,69.50250191360581,0.0013010314281225455,74.20974923951546,,0.19383501245376258,75.0615080446268,68.2371045670946,-1.4784949431455772,-1.3679116248898076,35.91907260934778
2020-08-26,68.79495336978151,-0.010180188113282806,73.96195869350782,,0.19415958999668476,74.7334797806426,67.99754310200856,-1.5106586124660453,-1.3964610224050553,33.40091952921489
2020-08-27,69.25514015289684,0.00668925205373383,73.73626833957437,,0.1977359248140613,74.3442911126568,67.89691862608183,-1.4819325845321742,-1.4135553348304792,36.518151760935595
2020-08-28,68.75484490812659,-0.00722394386417724,73.50276213513212,,0.19765708996650663,74.04614573665907,67.71094644883857,-1.482447843896665,-1.4273338366437165,34.6209363165007
2020-08-31,68.63801670028657,-0.001699199641801652,73.31081683023008,,0.19726980859889365,73.66871785056628,67.58954539608177,-1.4752771565780733,-1.436922500630588,34.17444262680466
2020-09-01,67.60154984214967,-0.015100477956155434,73.12226930192897,,0.2015527858363791,73.40739039476613,67.284779565076,-1.535527826147316,-1.4566435657339336,30.42551664142259
2020-09-02,66.48028721117399,-0.01658634504081402,72.90298624903318,,0.20649223708531536,73.27941871160188,66.76304042468699,-1.65467921306805,-1.496250695200757,26.97768030725649
2020-09-03,67.75531567139782,0.019179045604507117,72.75422851094645,,0.21556819716911593,73.14745311194851,66.51014648558176,-1.6274631338408767,-1.522493182928781,35.87633277646884
2020-09-04,67.29617842835181,-0.006776401799568843,72.57790079175616,,0.21395279735525402,73.12039314328707,66.18473643346555,-1.6242196981285701,-1.5428384859687392,34.257394552086936
2020-09-07,67.59182041176271,0.00439314668849522,72.44380101858829,,0.19248066781090462,72.71721769518035,66.09691921710731,-1.5795849626162664,-1.5501877812982447,36.252178433599944
2020-09-08,67.58012357210052,-0.00017305111167209564,72.29319051460911,,0.1916178471545734,72.39019638753072,65.997435831753,-1.527546838180129,-1.5456595926746217,36.20537162174209
2020-09-09,67.1841849601313,-0.005858802722471967,72.15189261710994,,0.18725704044396224,72.23347582691596,65.79117942344112,-1.50095310516204,-1.5367182951721055,34.5778851667567
2020-09-10,66.72811800539662,-0.006788308215770145,71.98473927707079,,0.18559124056722473,71.99737447787231,65.58304084512301,-1.499394060324903,-1.5292534482026652,32.751624951750046
2020-09-11,67.3395397959067,0.00916288078828531,71.82660731773427,,0.17070443284962192,71.24109400719412,65.81243643767705,-1.4323111194675988,-1.509864982455652,37.516245690236275
2020-09-14,67.07567322823103,-0.003918449227235721,71.69478969596534,,0.15972453589738797,70.80567632642952,65.83875779163428,-1.3844797957299164,-1.484787945110505,36.32026627577439
2020-09-15,66.95369239410944,-0.0018185554948741967,71.53409024167564,,0.15976891570651686,70.33526841318766,65.90648762199686,-1.340958221998477,-1.4560220004880997,35.7528434081991
2020-09-16,66.9946204204181,0.0006112885614695251,71.34317133680396,,0.15877294120549906,69.94661253058447,65.95697892701034,-1.2883136346484036,-1.4224803273201607,36.11348919791599
2020-09-17,68.12766969631329,0.01691254116800489,71.17586416721413,,0.1511037621048087,69.89125991936159,65.95679789057048,-1.1420005874461197,-1.3663843793453527,45.27243987986314
2020-09-18,68.80047122133809,0.009875598681473807,71.02741127523285,,0.15038308711646972,69.78021586005575,66.006473777003,-0.9606828551549285,-1.285244074507268,49.86834879834044
2020-09-21,69.19073717499045,0.005672431405256528,70.88971545856458,,0.15192420909370383,69.73388357398895,66.03066033385792,-0.7765445371976085,-1.1835041670453361,52.367142179384686
2020-09-22,68.66756745447252,-0.00756126819685099,70.76173663271388,,0.15406938584305807,69.57208368223762,66.10896677969593,-0.6651614334440126,-1.0798356203250714,48.85181569847192
2020-09-23,67.37199561328896,-0.018867303578833483,70.5841196568149,,0.1640281220307737,69.45205979903074,66.08669488725357,-0.673665702271677,-0.9986016367143925,41.43412751103453
2020-09-24,68.2940642156042,0.013686229625849977,70.43603716917121,,0.17014140156333551,69.2753246987772,66.16732239377784,-0.5990961844851057,-0.9187005462685353,47.5394312508509
2020-09-25,69.2451505978639,0.013926340351587907,70.30760709466348,,0.17576369361042238,69.38179858503952,66.10987907648925,-0.45797535224869534,-0.8265555074645673,52.98384564822541
2020-09-28,69.12961339866538,-0.0016685240511568056,70.19313153925502,,0.175758836670825,69.47610561461556,66.06473171675108,-0.35140814535876075,-0.7315260350434061,52.27411844453855
2020-09-29,69.67695078617882,0.0079175531382909,70.10222195936394,,0.1676110565100933,69.7776747912404,65.97070263452915,-0.22024843891360035,-0.629270515817445,55.32700724682342
2020-09-30,70.46455194643725,0.0113036111852165,70.05294484862847,,0.15641273130254488,70.18521251985494,65.96159137944095,-0.05214946548737487,-0.513846305751431,59.355940064998585
2020-10-01,71.31069787116787,0.012008107642177412,69.99424874498223,,0.14841763943831668,70.80297753327685,65.69936458599605,0.14764510882002924,-0.3815480228371389,63.19620497712545
2020-10-02,72.25819347489971,0.013286864832589451,69.95725780766371,,0.14868937191789838,71.57185996732947,65.4266836565982,0.3780804315655075,-0.2296223319566096,66.96073759288824
2020-10-05,71.82029368352775,-0.006060209511383308,69.89087893857825,,0.15253475892602175,72.08725583334132,65.33413511776288,0.5193801472035915,-0.07982183612456935,63.71692690465028
2020-10-06,73.381855127125,0.021742621249617455,69.85499994902617,80.11464490148194,0.16560806767999775,72.92141692391989,65.08014718268673,0.7487351702227443,0.08588956514489343,69.40819889053085
2020-10-07,72.13392039916388,-0.01700603951479851,69.80826134379977,79.97515586724413,0.17877254152638647,73.30848871418912,65.18804893632075,0.8203463503994612,0.23278092219580707,61.152782613637406
2020-10-08,73.03132947487325,0.012440874844225958,69.78582250145679,79.83790691637408,0.17694380123691666,73.77567833744797,65.35118046000957,0.938691475763008,0.3739630329092473,64.42924064319465
2020-10-09,73.56015957681548,0.007241140285200176,69.78510528418238,79.70507645125173,0.17641468286047235,74.30813076832985,65.4407900072186,1.0629005470243413,0.5117505357322661,66.23642916149367
2020-10-12,74.48771680305627,0.01260950535693417,69.80233349846785,79.58293868286837,0.17572504205294487,74.92592646894764,65.56419866408334,1.222095677849424,0.6538195641556978,69.19287993353933
2020-10-13,76.49614542522744,0.026963219016115092,69.86700675276822,79.4738337774374,0.1894004368256489,75.90849942393669,65.53587101220606,1.4931106982571833,0.821677790975995,74.41661017063423
2020-10-14,78.1259751260421,0.021306036948067764,69.96997834635494,79.37951010963425,0.19467391240352064,77.12756433508883,65.42994157161633,1.8184437856875064,1.0210309899182974,77.71838077973077
2020-10-15,76.90647805044355,-0.015609367737568935,70.07602968618411,79.2785348180897,0.2082106887600863,77.88004791970981,65.55533882240836,1.9553295672932336,1.2078907053932848,70.3974094595859
2020-10-16,75.13216109944196,-0.02307109876801028,70.1622553354504,79.15934392271242,0.23190916420909502,78.21614105680104,65.85241467312756,1.8987523650478693,1.3460630373242017,61.343273142782955
2020-10-19,76.01914052526702,0.011805589149114004,70.23260320482748,79.04783871364762,0.23333332252132613,78.64987831666063,66.10151774829559,1.9035434800391329,1.457559125867188,63.846540519511635
2020-10-20,74.96902166716046,-0.013813874385458558,70.2950802281279,78.93518855402871,0.23872688707418005,78.81191675661528,66.56962472960974,1.801834241227354,1.5264141489392213,58.977140348704516
2020-10-21,74.97849269395537,0.0001263325382176994,70.37837098901906,78.81908384342157,0.22306802722475708,78.72844104893686,67.41375014535483,1.7023693153686281,1.561605182225103,59.0075062185933
2020-10-22,75.88791833498505,0.012129153419257577,70.47271901013846,78.70491883578092,0.2223735299990223,78.7672479266481,68.13432867958166,1.6775875036259436,1.5848016465052712,61.92215961951574
2020-10-23,74.18369114257557,-0.02245716089992955,70.50422506144702,78.58135537064145,0.24058270235440685,78.63709155007278,68.75833911062814,1.5031040097935886,1.5684621191629349,54.15181039761145
2020-10-26,72.04598557854301,-0.02881638175598522,70.52181204309178,78.45335655278961,0.2663293851410102,78.37002258473325,69.31704529395543,1.1787418196266373,1.4905180592556755,46.3029255826248
2020-10-27,72.32969687686753,0.003937919594634742,70.54879651617108,78.3268297620057,0.2655702645355442,78.12860000199555,69.82374248576201,0.9338111823673643,1.3791766838780133,47.39274377556744
2020-10-28,72.3963723498644,0.0009218270762336722,70.58919863924207,78.19571321977614,0.2632952828744637,77.9628401894008,70.18268433869946,0.7365910774633164,1.250659562595074,47.66158640917166
2020-10-29,72.1693145605937,-0.0031363144574897417,70.65892480699513,78.07250904438827,0.2607423195746167,77.89479371774637,70.3365924792965,0.5555668298378293,1.1116410160436252,46.78476345434832
2020-10-30,72.22992517713807,0.000839839160360567,70.71524025153647,77.95255482939962,0.25649898385396974,77.89632543818709,70.33223392907959,0.4122425044223519,0.9717613137193706,47.06471678472235
2020-11-02,71.3863887673229,-0.01167848932068627,70.75472413754075,77.84087904700418,0.25905253541581164,77.93454080169757,70.25062807394862,0.22796279524669671,0.823001610024836,43.62498377403055
2020-11-03,69.91067082015437,-0.020672259413184402,70.76288751567172,77.73007070081512,0.2551759405820985,78.18625150419088,69.65179894075827,-0.036734845786725145,0.6510543188625237,38.34511061819107
2020-11-04,69.76867508701272,-0.002031102426508391,70.78236195001635,77.63013613838032,0.24919352997462027,78.3948755144185,69.20665039931554,-0.25502770117229545,0.46983791485555987,37.870167007313455
2020-11-05,68.84662513821867,-0.013215815660023833,70.77419164972277,77.52693173903067,0.2467202748219572,78.68701076621772,68.49604471385086,-0.49670240786110753,0.2765298503122264,34.85148619287851
2020-11-06,67.30082316536718,-0.022452835847045383,70.74511121486758,77.42373585828973,0.25307534041595486,79.09942656319882,67.45769527572492,-0.8037000958790799,0.06048386107396506,30.46686715114953
2020-11-09,67.79930897997899,0.007406830870210435,70.72833706046144,77.32122695091333,0.24910311827545317,79.2230135231708,66.66526753344519,-0.9953011254673356,-0.15067313623429515,33.37767782923818
2020-11-10,67.76138040160399,-0.0005594242617753542,70.73153367165052,77.21742568377766,0.2203880949992968,78.95875263188124,66.05605192237242,-1.1370990706587634,-0.3479583231191889,33.2635768023173
2020-11-11,68.1685845463781,0.006009383846089289,70.76529961835462,77.11668478801381,0.2011437744462505,78.16530237779396,65.85376311849329,-1.2027524121251503,-0.5189171409203812,35.80099494356308
2020-11-12,67.25112132991296,-0.013458739426237432,70.7552157315249,77.02651679593033,0.2000244827998408,77.57908476303625,65.47444506119795,-1.3136715821369904,-0.6778680291637031,32.77713763523252
2020-11-13,66.65438722622703,-0.008873221618990401,70.74237990748242,76.93644201097464,0.19065652473758393,77.27825660987327,64.92749582703945,-1.4332061688274393,-0.8289356570964505,30.946292126538268
2020-11-16,65.74832969960434,-0.01359336668338873,70.70551009323924,76.84199736199314,0.18041524558229022,76.75152633491332,64.42714501943313,-1.5828038806776163,-0.9797093018126837,28.35634705050805
2020-11-17,64.9567251199077,-0.012039919239216879,70.6530421241954,76.74279566951061,0.17965702216320675,76.3782638555093,63.79917784411186,-1.7451203565037758,-1.1327915127509023,26.286439683032583
2020-11-18,65.15421456379603,0.0030403232848295048,70.61244271626867,76.65344288514495,0.18149578697976532,75.81320574142282,63.38180814518242,-1.8366498296221891,-1.2735631761251598,27.7042997405416
2020-11-19,64.46325341830361,-0.010605010744406451,70.56714542452683,76.56327887953138,0.1672011764341014,74.89825830265706,63.15428909228002,-1.9425498795412466,-1.4073605168083774,25.83214849193071
2020-11-20,64.80483890637773,0.005298917909984491,70.51645140673624,76.4803128711067,0.16453490858287173,74.188155625558,62.926506545759324,-1.9761336990949872,-1.5211151532656995,28.40781620074054
2020-11-23,65.13335984694646,0.00506938904737253,70.47760513911055,76.40345137537497,0.14712415206291626,73.7892493061545,62.634150292003156,-1.9537189679102198,-1.6076359161946037,30.89347502848537
2020-11-24,67.02657026008809,0.029066678236626897,70.47906269643012,76.32991014454565,0.18855421556936847,73.19426984086546,62.69881709561425,-1.762867635024449,-1.6386822599605728,43.14441824071663
2020-11-25,65.75199844399265,-0.019015918778920504,70.45421025690162,76.25446905239886,0.19519081953082767,72.50505000055654,62.72359954533601,-1.6949258211569713,-1.6499309721998527,38.23067411664858
2020-11-26,66.5944138878709,0.012812012772445591,70.42354514073277,76.18330280658957,0.20488652173252403,71.74500692061417,62.926152558006066,-1.5551784300632647,-1.6309804637725356,42.86253572967676
2020-11-27,66.53099085535851,-0.0009523776666791051,70.37815553341318,76.10666174804712,0.2044310902889356,70.81817673529959,63.28308931114269,-1.433026289367362,-1.591389628891501,42.6035155986927
2020-11-30,66.53788274369418,0.00010358914315067302,70.32509844478726,76.03326383138545,0.20285049897911542,69.97753659504771,63.63887884903172,-1.3204424810336377,-1.5372001993199285,42.6440767100357
2020-12-01,65.2204687322781,-0.01979945794925264,70.25615647034336,75.95379174474182,0.20188808733031638,69.45769353680795,63.68970169848384,-1.3222808707027696,-1.4942163335964969,37.22823753801933
2020-12-02,64.82106605045117,-0.006123885485497471,70.20513787908662,75.87157306047253,0.20204549993428975,68.88706125237238,63.765573079263255,-1.340513658932906,-1.463475798663779,35.74603254608144
2020-12-03,65.51868738818033,0.010762262644464782,70.14963034253813,75.79235747151716,0.2048093402316819,68.44922051217218,63.87062004445962,-1.283871393439881,-1.4275549176189994,40.22280278786563
2020-12-04,65.4627126731058,-0.0008543320586215097,70.07398158404297,75.71965962559892,0.19061252224989736,68.31159086769124,63.824438639714444,-1.2293277564664038,-1.3879094853884804,39.98209660796399
2020-12-07,65.55670344339445,0.001435790948016491,70.00252338493755,75.6468849593056,0.18815118316049,68.05462374906125,63.857145204685935,-1.1650868654450193,-1.3433449613997883,40.62463517820431
2020-12-08,65.31001777220835,-0.0037629358742711227,69.91518472465813,75.56506139942864,0.1882566637326584,67.76799844135633,63.89863424945133,-1.1211569687380347,-1.2989073628674377,39.431458856854995
2020-12-09,66.3941806941299,0.016600254584265173,69.833777299612,75.49728902510574,0.19758674089069014,67.36569981547525,64.12349249010758,-0.9874763102839097,-1.2366211523507322,46.82358720860265
2020-12-10,66.39413979940319,-6.159384192683248e-07,69.7354461381767,75.42455655071741,0.1922556356779303,67.19548552493576,64.2080086275961,-0.8714907226356843,-1.1635950664077226,46.823355072676684
2020-12-11,64.39931375915313,-0.030045212518409525,69.57826854386177,75.34105150724884,0.21742249019437926,67.11993742540479,64.05804938041966,-0.9298187265271878,-1.1168397984316156,37.148554932347245
2020-12-14,63.79749724414605,-0.009345076521433349,69.41781261507414,75.25804213894563,0.2148296896937664,67.2159980159874,63.76690554429124,-1.0129292350918178,-1.0960576857636561,34.81161575105294
2020-12-15,62.08167202682103,-0.026894867219614316,69.19180895306806,75.15491221497882,0.23047311133195517,67.64433980808245,63.0510584428875,-1.2033758983383223,-1.1175213282785894,29.17617955791657
2020-12-16,59.33685840129896,-0.04421294620312788,68.93586771311075,75.03349604988614,0.2733733844854113,68.59474151878587,61.51892111593437,-1.557832052233863,-1.2055834730696442,22.813732304283974
2020-12-17,58.915785286504615,-0.007096316288715543,68.65355682934339,74.91681248032636,0.2726207497120572,69.2580909803244,60.30082484121596,-1.8513766712572206,-1.3347421127071597,22.0204085128573
2020-12-18,60.04407609523488,0.019150908423666735,68.38323515971177,74.80521757465985,0.28334488864272267,69.49523140066199,59.58760813976406,-1.9702573578589693,-1.4618451617375219,29.13178769199166
2020-12-21,60.10172677391289,0.0009601393247615775,68.09551535912891,74.69044804536493,0.2820391554532165,69.614276316928,58.96539991619471,-2.036345507091923,-1.5767452308084022,29.485637140958147
2020-12-22,59.14091185590716,-0.015986477753294204,67.74841068774249,74.57184627842346,0.25645697637504367,69.5257998128781,58.26531057982651,-2.1415639590451434,-1.6897089764557505,27.060568893932796
2020-12-23,58.38465711882339,-0.01278733643685337,67.35358432759813,74.44535766052772,0.2532335054796409,69.59319503272647,57.461181227461225,-2.259922793888826,-1.8037517399423655,25.296988258230996
2020-12-24,59.33395386525701,0.01625935294098979,67.0021338438944,74.32387956238848,0.25686396619301033,69.32555107253599,57.002779185390324,-2.2511725932199838,-1.8932359105978893,31.345467326945226
2020-12-25,59.48287718309662,0.0025099173093672267,66.68914816556749,74.1990950247754,0.25799165352186376,68.96857483359611,56.65494405710402,-2.2067827115952667,-1.9559452707973648,32.271917875386976
2020-12-28,59.54072201584907,0.0009724619166351367,66.35957979537913,74.06588145995846,0.2582583033583237,68.5216558387859,56.40214697912971,-2.142241390770309,-1.9932044947919536,32.652075576927885
2020-12-29,59.51402606989306,-0.00044836449831597847,66.05047988343377,73.93646328256943,0.2530430935319559,68.22680874092714,56.126349810749986,-2.0693914126882547,-2.008441878371214,32.5612388736817
2020-12-30,59.563896118808316,0.000837954549683495,65.74218795193083,73.80594991710505,0.2536365869459162,67.93693857549675,55.89050298301608,-1.984754173393661,-2.0037043373757033,32.93657078535104
2020-12-31,60.257394778794236,0.011642936496340628,65.42957748080703,73.68154566367119,0.2543391922214331,67.46695894481734,55.83435335275688,-1.840502834506907,-1.971064036801944,38.09614778665689
2021-01-01,60.74357054199999,0.008068317008900205,65.16077506879552,73.55868517998599,0.25777643419813123,66.95625612443078,55.873141960032854,-1.6677277607684573,-1.910396781595247,41.49441872701697
2021-01-04,60.94556615807725,0.003325382658195819,64.9387666803862,73.44374023624782,0.25835334084934825,66.37254658948683,55.9957377664451,-1.4972436195602299,-1.8277661491882438,42.89701430503304
2021-01-05,60.080236911430916,-0.014198395407500009,64.69377748107746,73.3277336172886,0.2611280588158234,65.7501193686405,56.095186901213644,-1.4156399317080215,-1.7453409056921994,38.62504355300874
2021-01-06,60.52984041403998,0.00748338431607487,64.45644684236098,73.21499261357063,0.25346581432756715,64.71260329424973,56.54626894759544,-1.299706963203846,-1.6562141171945288,41.86452443537236
2021-01-07,59.97075425646995,-0.009236537776173392,64.2124756362785,73.09407021569591,0.2534162413834402,63.3632805483386,57.25325313921325,-1.2386642800206857,-1.5727041497597605,39.1007473018606
2021-01-08,60.91447637613949,0.015736372359661077,63.986166660258526,72.97093741362441,0.24526564064460155,62.53384457510717,57.734205374143315,-1.1014403075997663,-1.4784513813277618,45.62601184946098
2021-01-11,59.85806295366195,-0.017342567568902956,63.75560014398531,72.85024871303375,0.2497572813755407,61.60628288932254,58.26782363087953,-1.065648917727863,-1.395890888607782,40.40669194840986
2021-01-12,59.76077137493636,-0.0016253713188297825,63.55260215508095,72.73359530638164,0.2333444393263385,61.150623331549006,58.49139312346461,-1.0332242348667293,-1.3233575578595718,39.9533967293272
2021-01-13,59.77254444975772,0.0001970033945426497,63.352679542335856,72.61309523492227,0.17127556650318126,61.153145564734686,58.53243949512482,-0.9951064832386223,-1.257707342935382,40.04105263444
2021-01-14,58.69188047735007,-0.018079604647180614,63.14958464911848,72.49860549133632,0.181784136661671,61.17861102873608,58.48458355020795,-1.0401087156419706,-1.2141876174767,34.99162353088366
2021-01-15,60.14203399073885,0.024707906810864877,63.006408865625914,72.39388164182249,0.19046366392695382,61.18746851605925,58.48552185243518,-0.9478320224829204,-1.160916498477944,45.012559503691094
2021-01-18,61.40275431271429,0.0209623825188483,62.87847777228061,72.2958917431636,0.20432200052370045,61.42107202097872,58.38202110139586,-0.7641636814533186,-1.0815659350730191,51.947523349336365
2021-01-19,61.02383466056022,-0.006171053015379346,62.743726857459734,72.18869314623697,0.19621324783751326,61.549719336546026,58.441666066293855,-0.6417827747442431,-0.9936093030072639,49.91009586577529
2021-01-20,61.70522531069472,0.011165975621241664,62.61445967274607,72.08077777359263,0.19121074666648455,61.70048354305006,58.62295867897695,-0.48423058489476034,-0.8917335593847632,53.446057184529856
2021-01-21,62.05183482331352,0.005617182513694141,62.51047394261409,71.97637441893117,0.1849320482029909,61.99993487920156,58.59529543863111,-0.3276242005744763,-0.7789116876227058,55.179321218677224
2021-01-22,59.84035396290177,-0.03563925009967428,62.37419327734758,71.86292405649756,0.22876034911054097,61.98905370220976,58.64192429360341,-0.37760770932649024,-0.6986508919634628,43.9388538035405
2021-01-25,60.068514617616366,0.0038128226122466913,62.26059697570782,71.75193399887971,0.22907678062822778,61.98027923507516,58.70347802091476,-0.39426450630685395,-0.637773614832141,45.17962658919181
2021-01-26,60.034956680663385,-0.0005586610084601373,62.16216160692293,71.63178235415627,0.22908343203671014,61.96700294524743,58.768847371819504,-0.405498646986473,-0.5913186212630074,45.021795599001834
2021-01-27,60.12297493013521,0.0014661166483389554,62.06153681424972,71.51445664850361,0.22910528926224233,61.95481908036418,58.836939117835435,-0.40265785813902966,-0.5535864686382118,45.55899795764869
2021-01-28,59.241114231104696,-0.014667615833302672,61.95709403050573,71.394369883506,0.2312599948659461,61.98705093904548,58.7030792043852,-0.4661913373372002,-0.5361074423780096,41.213868818987606
2021-01-29,59.03585311972696,-0.0034648421799933216,61.84171431477272,71.27107128649483,0.22904085922080078,61.98966082089332,58.52969758031004,-0.5270296636810698,-0.5342918866386216,40.25158565068957
2021-02-01,58.906374855972096,-0.0021932140709862713,61.71717461495324,71.14770690687384,0.22839137041032959,61.956494048872464,58.35894522212039,-0.5790177334067792,-0.5432370559922531,39.62311785871163
2021-02-02,59.91234849383543,0.017077500360919595,61.574890179628184,71.03039998185625,0.2324581816742962,61.951186457134675,58.347463972098645,-0.5329020251116461,-0.5411700498161317,46.59935096682321
2021-02-03,60.211575298516514,0.004994409536656308,61.46408171671865,70.92091748072377,0.23155626206360072,61.92672481931825,58.3400990983627,-0.46682858234647284,-0.5263017563221999,48.5053005474342
2021-02-04,60.224957578349525,0.0002222542719845233,61.33669259052824,70.81144494531785,0.22906059817969582,61.9381838267478,58.3540604231211,-0.4086741238705045,-0.5027762298318608,48.59366870058282
2021-02-05,61.546465374545335,0.021942859726826747,61.23700208091197,70.71099947845684,0.23557099618104577,62.04743457767995,58.30800857202955,-0.25303483366612056,-0.4528279505987127,56.52733332705964
2021-02-08,61.08821414590804,-0.007445614071394213,61.12800870895624,70.60141975007879,0.22806103236391773,62.14524887128902,58.33320939764511,-0.16476728454489376,-0.3952158173879489,53.44699036017464
2021-02-09,60.7742955366413,-0.005138775353899727,61.039085245043516,70.48633272496613,0.22896039815457964,62.1962571100721,58.38355357503251,-0.1187760478250297,-0.33992786347536513,51.381398089208005
2021-02-10,59.26579688907988,-0.024821326750746664,60.927979861816084,70.36371913116959,0.24658215621271706,62.21288098480387,58.316254944232945,-0.20172552883673944,-0.31228739654764004,42.81776771748871
2021-02-11,60.60029981405359,0.02251725269924787,60.82961211033355,70.24371258426278,0.24986721815214005,62.16570523145091,58.55427263125626,-0.15795949826572553,-0.28142181689125717,50.65331394365485
2021-02-12,61.442421078917654,0.01389632175827571,60.74920627844978,70.12979828956728,0.23940240677811522,62.290343509596674,58.559673061928386,-0.0546920002236817,-0.23607585355774208,54.85707174179633
2021-02-15,62.25484516348902,0.013222527210115631,60.68316911285169,70.01356887862462,0.23239307766866002,62.46147294993423,58.47375270666828,0.09164761324426962,-0.17053116019733974,58.52762429769333
2021-02-16,62.85942880310228,0.009711431102680468,60.63415733346956,69.90026644066963,0.23291947446005998,62.81311236179526,58.30567270906147,0.25348563363640864,-0.08572780143059006,61.06475541368436
2021-02-17,62.97532762869389,0.001843777899328991,60.565780272160836,69.7839074882972,0.23016833157501215,63.07537668266501,58.170418619991636,0.38663856864889823,0.008745472585307626,61.55036090924432
2021-02-18,63.184553832260626,0.003322351966159598,60.501588552817985,69.67619110004335,0.22971730898132378,63.31634475307227,58.042722450479076,0.503244940594719,0.10764536618718994,62.46058824003221
2021-02-19,62.98091711873083,-0.0032228875758211206,60.47322062000954,69.56526765971637,0.1857430076744291,63.63222225981743,58.04090125931683,0.5726236999804399,0.20064103294584,60.94826835349934
2021-02-22,62.82049487022315,-0.0025471564379612177,60.45368057253108,69.46336370605394,0.1865740429756529,63.879404059949884,58.068917484445045,0.607657435232035,0.282044313403079,59.7215029359643
2021-02-23,62.88713565706271,0.0010608128283169371,60.46978984513592,69.37335828723556,0.18633244104477528,64.10667221912121,58.12686722291366,0.6334967215128202,0.3523347950250273,60.0809546023684
2021-02-24,64.25163914251509,0.021697656781401564,60.56808545996024,69.29177488375053,0.19844891167449547,64.58220472580335,58.06420113746951,0.7553711216003052,0.4329420603400829,66.64469475978092
2021-02-25,64.7728715008003,0.008112358925646879,60.68522718424615,69.21772184204364,0.18708961466980584,65.0482166222265,58.15136496801592,0.8838283340461146,0.5231193150812893,68.75795093150614
2021-02-26,64.73929924264104,-0.0005183073929160287,60.77913164719427,69.14246630860964,0.1857048784298865,65.38358133253793,58.3863448699959,0.9717212025872826,0.6128396925824879,68.45710811630391
2021-03-01,64.23555897993543,-0.00778105831540743,60.86180829131473,69.05183175698738,0.18947163577657758,65.50355809598818,58.799286518941976,0.9893249823125174,0.6881367505284939,63.93669919321508
2021-03-02,63.686140015560845,-0.008553190368378427,60.9527128545078,68.96309536311134,0.18858034485140363,65.58469278797774,59.09553097912495,0.9480144652001954,0.7401122934628342,59.33466998474313
2021-03-03,65.15081589914263,0.02299834600156192,61.08803603011418,68.88510244379162,0.2013433545980149,65.90065947669717,59.27348835046816,1.0216853332096463,0.7964269014121967,66.29880295057154
2021-03-04,65.63430157450101,0.0074210225717947775,61.214042984299056,68.80824275356642,0.20116102840565897,66.24162885681653,59.47345336996395,1.1063301944035402,0.8584075600104656,68.23276913676463
2021-03-05,65.71611368340515,0.0012464840326102955,61.33870771430523,68.72886448377959,0.19032631908338551,66.61953790510658,59.512509152559836,1.1665659639188206,0.9200392407921366,68.56153262164918
2021-03-08,65.41801054668355,-0.004536225896707102,61.456253484921916,68.64887988090379,0.18840785717789213,66.85619528151742,59.70883141622659,1.1766847244121266,0.9713683375161347,65.88587715889881
2021-03-09,64.42945236393939,-0.015111407003713495,61.554562010802854,68.5650026141375,0.19757277986715993,66.86866009199,60.06188228848382,1.0923436734783891,0.9955634047085857,57.826573745140045
2021-03-10,64.38848428069848,-0.0006358595601511086,61.651053774040655,68.47678473739168,0.16899029546545294,66.50950650858466,60.933304611051,1.0105480323632676,0.9985603302395223,57.512597889379116
2021-03-11,65.2004267454229,0.01261005712115848,61.749914413373226,68.38950627931963,0.15805865244269227,66.39282228304344,61.51000152972917,0.9997172505267216,0.9987917142969621,61.92498100803081
2021-03-12,64.86255499932419,-0.005182048077966517,61.83229410251971,68.30635394828052,0.15625170078065137,66.28733420505203,61.95750299976122,0.9528860741801779,0.9896105862736053,59.17116778024468
2021-03-15,64.67592928272366,-0.002877248924321174,61.90690136501264,68.22259780671688,0.15235307368421167,66.23228594552998,62.254659671206724,0.8904483594887438,0.9697781409166332,57.646258456982196
2021-03-16,64.49544592844674,-0.0027905799928742425,61.99520554535295,68.13761584772473,0.15035916407335673,66.20604221370796,62.44450511556318,0.8169848298655822,0.9392194787064231,56.13946914949299
2021-03-17,64.61385986050684,0.0018360045481577991,62.0768859342823,68.0590765430612,0.15035881283668426,66.1800254013844,62.63437515106807,0.7595636906398298,0.9032883210931044,56.93481865910529
2021-03-18,63.20774141518577,-0.02176187041536748,62.1416256774566,67.97192209519791,0.17090504505091195,66.17784532194932,62.63887398879567,0.5937506293358155,0.8413807827416465,46.21733521114279
2021-03-19,63.01868107713305,-0.0029910946637193847,62.18370977147649,67.88851675551187,0.17084772387990105,66.17338923578517,62.64710647080001,0.4419919859133117,0.7615030233759795,44.99101501952698
2021-03-22,62.28805477286943,-0.011593805071378083,62.23230960786063,67.79587686578587,0.17564669716964693,66.26026254265824,62.50698915419159,0.25977223832411056,0.6611568663656058,40.51682949395526
2021-03-23,63.08316029742579,0.01276497600471993,62.29875738631042,67.70599907414464,0.18171749800356166,66.23894464092305,62.5479095199631,0.1774743327595658,0.5644203596443979,46.725796003425515
2021-03-24,62.42497771643303,-0.010433570193527864,62.351806051643926,67.61220155937599,0.1664987497636626,66.34716747557087,62.25702054270707,0.058468823845714724,0.4632300524846612,42.747959787435576
2021-03-25,62.95021234154792,0.008413853626040302,62.43697268892788,67.52425433183588,0.1667302172389539,66.32884948920616,62.09307261314651,0.006463636541703011,0.37187676929606955,46.65104265685487
2021-03-26,64.32743795295127,0.021878013753646508,62.52068076817213,67.44374074594944,0.18608409897056954,66.29459123173761,62.086144741646095,0.0755093233336055,0.31260328010357674,55.26330293786362
2021-03-29,64.06485376419639,-0.004081993580203447,62.57392275720177,67.37288860504349,0.18455655108912872,66.28666891352272,62.0769965382871,0.10779755492733045,0.2716421350683275,53.49028042404659
2021-03-30,63.54662210081267,-0.008089172657619326,62.62437850600682,67.30547708426151,0.1842807759460492,66.28752045457831,62.06219320575668,0.09052572271651371,0.23541885259796475,50.075647365479746
2021-03-31,63.736276765433566,0.0029844963957332826,62.6649995351016,67.23693626880886,0.1636227124964374,66.17349089222004,62.03476885474403,0.09109117531048128,0.20655331714046807,51.30086896834783
2021-04-01,63.75358948205486,0.00027163049835832176,62.69903462827642,67.17973820334048,0.1606567327998672,65.95379180898556,62.06639672873388,0.09187718906400733,0.18361809152517594,51.41807859042095
2021-04-02,62.89174148821739,-0.01351842305412565,62.76006237878274,67.11363408884223,0.16588955589886442,65.69768990766926,62.04006141053145,0.022694571396662866,0.15143338749947333,45.541799925795225
2021-04-05,63.31787856217718,0.00677572386892189,62.82504965767395,67.05873943630232,0.16856240847308224,65.45408353229371,62.07365458745634,0.002226878880001948,0.12159208577557905,48.66570256086211
2021-04-06,65.14952129189346,0.028927733703485448,62.927340949898564,67.0089337989065,0.19245522369495324,65.57816409230766,62.02158092023779,0.13227950986008352,0.12372957059247995,59.43645882721536
2021-04-07,64.93400119468107,-0.003308084126156241,63.023561475189474,66.96235840570445,0.19292067360383808,65.65937042592175,61.994926278022,0.21547265162129747,0.14207818679824347,57.89714415494005
2021-04-08,64.76926084164127,-0.0025370429976413478,63.13412440740021,66.91077578487588,0.18772362179981875,65.57897910512592,62.032201008439635,0.26505525416477127,0.16667360027154904,56.68858748503149
2021-04-09,63.84779659195342,-0.014226876109344588,63.230363276844734,66.85378407902199,0.1935213890832824,65.45757046929161,62.052133803536854,0.22737433020953546,0.17881374625914634,50.35673714697091
2021-04-12,64.15290092945915,0.004778619682925589,63.33529379831448,66.8062158120859,0.1942949089252871,65.38735064371882,62.07005079378322,0.21959988588353951,0.186970974184025,52.2582022055114
2021-04-13,63.06157587725904,-0.017011312604555573,63.39827834598295,66.74658036592922,0.2030390979321326,65.29999397950056,62.01402045288271,0.12394896510118514,0.17436657236745703,45.53921252809288
2021-04-14,62.11047222519112,-0.015082142157676448,63.43625628451644,66.67442989873517,0.2086573022277713,65.24771000232815,61.81596566652353,-0.028275255221615225,0.1338382068496426,40.635615642825854
2021-04-15,63.25220264285171,0.01838225305261032,63.49680118580648,66.60822577107041,0.2066022361122242,65.24827949454075,61.819842297077514,-0.05613881041690405,0.09584280339633325,47.889562492242156
2021-04-16,62.4741960669794,-0.012300070880776337,63.51535579965516,66.53948117230328,0.21105308845237425,65.27205406573772,61.741619224865204,-0.13939267526407662,0.04879570766425127,43.94863727527608
2021-04-19,63.44621978527377,0.015558803145737876,63.56251591244248,66.47633463118764,0.2138566652123955,65.23505166970261,61.89443812214073,-0.12549118814098392,0.013938328503204228,49.53612055268484
2021-04-20,64.83422494016291,0.02187687713447195,63.64371450051291,66.42517321215341,0.22276149609474535,65.3981797121013,61.90641654401574,-0.002445552676149987,0.010661552267333384,56.24374990882553
2021-04-21,65.0895619071524,0.0039383052272954355,63.76018980087436,66.36935679964799,0.21838011188083542,65.54369014866232,62.027364526526675,0.11435435341847011,0.031400112497560737,57.36640834313417
2021-04-22,65.61548215933405,0.008079947640942109,63.86049344777997,66.31894326745572,0.21825690552414118,65.8094158201319,62.02816583683568,0.2465148201517522,0.07442305402839905,59.6620907960286
2021-04-23,67.45381826294708,0.028016804008983653,63.98072139146056,66.27787908715419,0.22654135116525206,66.53828761086145,61.61193207710575,0.4938979539752495,0.15831803401776917,66.46048543039454
2021-04-26,67.28847623609879,-0.0024511885480487106,64.08139401291275,66.24005451248925,0.22598889673713882,67.08789969799668,61.384682237160746,0.6688985044989408,0.26043412811400357,65.39298714239314
2021-04-27,66.75217700504794,-0.00797014973513599,64.15924897695167,66.20270324861082,0.22591493746605104,67.43892596938828,61.35421145619268,0.7556027179081468,0.3594678460728323,61.918939362569326
2021-04-28,65.51909822853801,-0.01847248781738875,64.21012438894856,66.16565670233746,0.2379004257162357,67.55099481276108,61.420424759130356,0.7165572537306844,0.4308857276044028,54.72072485728584
2021-04-29,65.57703610396966,0.000884289878800848,64.25797403438273,66.12231436758992,0.23786886995599357,67.65890515456185,61.49485907952102,0.6824220082843908,0.4811929837404005,54.98551995476863
2021-04-30,66.96925237152861,0.021230240801850986,64.33774073943869,66.08662192774342,0.2407003991789059,67.93209974000273,61.629415582411255,0.758960968286388,0.536746580649598,60.90236012676026
2021-05-03,67.89537582810652,0.013829084599003894,64.43923835859636,66.05040262119495,0.24335642263555882,68.37149924498287,61.64776580402407,0.8841570563534304,0.6062286757903645,64.26710872838109
2021-05-04,67.02586919018174,-0.012806566387174145,64.52201302925873,66.00965294412222,0.23051490083192636,68.5843696291855,61.6225302096503,0.9028069427670289,0.6655443291856975,59.12259567849162
2021-05-05,66.24787552554453,-0.011607364052671931,64.56193775691932,65.96853806844751,0.23466568720395314,68.68600507861905,61.65228219330305,0.8450681062509915,0.7014490845987563,54.8888253961587
2021-05-06,65.80165563247125,-0.006735610606882325,64.58251343955274,65.92677998864977,0.23599952655833736,68.74321367873088,61.69831307227423,0.754604831399277,0.7120802339588606,52.56384921019098
2021-05-07,66.09127576575837,0.004401411035989122,64.60955297001509,65.88925626527588,0.22933716896172734,68.81393721328328,61.85193745510233,0.6982331613770896,0.7093108194425064,53.92791996038416
2021-05-10,65.9213518469493,-0.002571049156492422,64.64326882735536,65.85073149406671,0.22956635212794613,68.8658011850513,61.9769185750833,0.6325550655700738,0.69395966866802,52.96557321509295
2021-05-11,66.13940741871029,0.003307814018548072,64.69233417541835,65.81511611760921,0.21896853374611686,68.84643971442956,62.30406319985018,0.5912840097298755,0.6734245368803912,54.09758463260686
2021-05-12,66.43467269306588,0.004464286661752803,64.71801131129682,65.78240250384101,0.20894421886429113,68.64313390468978,62.93978905637744,0.5757647826272319,0.6538925860297593,55.65397840435223
2021-05-13,66.17721828803701,-0.003875301775299267,64.72886964556754,65.75526903998627,0.2026948140769243,68.52921076095345,63.346213764632296,0.5365067486541903,0.6304154185546456,53.93669905821373
2021-05-14,66.15985333636893,-0.00026240074934102964,64.73774443862682,65.73196391348748,0.19554087271974332,68.13639355838659,64.10759669413811,0.49824975439804575,0.6039822857233257,53.81608033424612
2021-05-17,66.37139245946393,0.0031973940755205543,64.75681207688243,65.70131214050274,0.18980099038615264,67.84099180498228,64.69551571496143,0.4794731817730451,0.5790804649332696,55.13241071736075
2021-05-18,66.31330470495959,-0.0008751926447801983,64.79448912370282,65.67365281151685,0.1753453702651566,67.76276031939696,64.92165517702642,0.4546643289950083,0.5541972377456174,54.671608521217834
2021-05-19,66.80245580750852,0.007376364437351679,64.84276855423903,65.6535953173074,0.17648209911784812,67.73220645014143,65.12349843631756,0.46906643452612684,0.5371710771017193,57.865283839083006
2021-05-20,68.59585459618289,0.026846300289349312,64.91067711125423,65.64072200389323,0.19730570442665488,68.14480761701304,65.00893451313084,0.6180678002406523,0.5533504217295059,67.03559734124144
2021-05-21,69.187465807326,0.008624591305493201,64.99717532741427,65.62361739004413,0.17446248620267907,68.587004875569,64.74010200901279,0.7749573110170758,0.5976717995870199,69.40145743142635
2021-05-24,69.26232197634384,0.0010819325168853755,65.08890318128667,65.61409581744432,0.17389760121211878,68.99792185554615,64.52656960306014,0.8950164533303138,0.6571407303356788,69.69779990020295
2021-05-25,67.66678256722403,-0.023036181340624906,65.15232991406221,65.59752736416594,0.1920584586717717,69.0799071181694,64.5360448966545,0.8516007691921033,0.6960327381069638,57.02140668934522
2021-05-26,68.05572142823563,0.005747855096039256,65.22116714541679,65.58592464032554,0.1786837449626218,69.1869115381941,64.68270279659956,0.8389072418232786,0.7246076388502268,58.9799419268198
2021-05-27,66.24588201218626,-0.02659349394977517,65.28192995735681,65.57373901952175,0.20548992062051646,69.15435798936369,64.78214093625164,0.675027319763231,0.7146915750328278,48.01514022332525
2021-05-28,64.97137754292423,-0.019238999173225246,65.32098388667262,65.55152514248603,0.20174632799910333,69.22982297686387,64.50688846589101,0.43726887821084404,0.6592070356684311,42.082069390812975
2021-05-31,65.77315503908721,0.01234047247394865,65.39068589199698,65.53332994534591,0.2003165332246094,69.1201210357663,64.40436832808665,0.30996723420173566,0.589359075375092,46.55607819898044
2021-06-01,66.44662991681234,0.010239357946640881,65.45795528438471,65.51805058536195,0.19978318646216806,69.09175448780442,64.37481094871157,0.26042158046097086,0.5235715763922678,50.04668051565645
2021-06-02,66.3271902068749,-0.0017975284839422123,65.53599953419354,65.50571176954742,0.1954447786332232,69.09254817002412,64.38194873462493,0.20910803921081822,0.46067886895597787,49.4300778884845
2021-06-03,64.77759363559822,-0.02336291596920481,65.57254716007455,65.48332403696092,0.21145030175036053,69.16809893934953,64.20399176561222,0.042907583380710435,0.3771246118409244,42.17075576317926
2021-06-04,64.46103205871319,-0.004886899298325753,65.57521904218979,65.46185497271387,0.2110486629929815,69.26918881219999,63.93987752205723,-0.1130481996380297,0.27909004954513356,40.85088773365623
2021-06-07,63.8705609771497,-0.009160124538894476,65.57133318644887,65.43801769409816,0.21291914941910287,69.42285979535461,63.58112745192267,-0.281050586576427,0.16706192232082143,38.43450600027196
2021-06-08,64.46189803344147,0.00925836640926514,65.58963870510144,65.42231943505463,0.21572790729673694,69.47595538598564,63.360280922764744,-0.36230134579463424,0.06118926869773027,42.12653158417557
2021-06-09,66.55193022437761,0.032422752892753426,65.6459517742803,65.42267765012065,0.24614065177677102,69.48240149331757,63.365560568563986,-0.2551043431041222,-0.002069453662640248,52.88174625957906
2021-06-10,66.77438676650549,0.003342600903953663,65.70636771996934,65.41777300559619,0.24588805984357773,69.5137760386894,63.39390287103899,-0.15046509440928446,-0.0317485818119691,53.864515485889534
2021-06-11,66.06963222504508,-0.010554264525479917,65.76992553470588,65.41164027457965,0.24904007254526295,69.51135514042474,63.38730165817126,-0.12298781062629871,-0.04999642757483503,50.28612356419193
2021-06-14,65.01522662024021,-0.015959005208525667,65.80387249586714,65.39875730562204,0.25503863271805627,69.51015362404353,63.252886590630126,-0.1841705817137722,-0.07683125840262249,45.42400974302906
2021-06-15,64.98368109041515,-0.00048520218208769617,65.80055569183757,65.38577509321361,0.2550430794140816,69.50566853341391,63.12440931980529,-0.23252344370038713,-0.10796969546217543,45.28294242625149
2021-06-16,64.84248838977507,-0.0021727408831092587,65.79872543573946,65.37406661036184,0.25318391106069155,69.46452746654927,62.969553644896585,-0.2790201356930879,-0.14217978350835794,44.61508802230026
2021-06-17,63.82467080153105,-0.015696769410294853,65.77983363493725,65.3595493743425,0.23466529467925393,69.1909826191545,62.76598011282618,-0.39346287707783745,-0.19243640222225386,40.03163416230325
2021-06-18,63.947905707577966,0.0019308349655280388,65.78183581724974,65.34259120390087,0.23125855734853368,68.67138468519822,62.76162203680765,-0.46881138136041045,-0.2477113980498852,40.824323130553566
2021-06-21,62.94466387886789,-0.01568842353176847,65.75767107623791,65.32193615715404,0.23417845718559027,68.0990961100519,62.70214480220636,-0.602533217132887,-0.3186757618664856,36.58461757896442
2021-06-22,63.95153245639506,0.01599609109780631,65.77547020782063,65.30692535746547,0.23455764138120966,67.7638566273967,62.66585927377866,-0.620114561287167,-0.3789635217506219,42.984360684609086
2021-06-23,64.92953465166353,0.015292865670346822,65.83185145635008,65.2965999286217,0.24147093064308667,67.22940217206795,62.88769505145021,-0.5488050169275027,-0.4129318207859981,48.4285020861179
2021-06-24,65.94289348706744,0.015607055261375402,65.8856652732344,65.28567604757546,0.23126598602353543,67.18337408741444,62.90342428359186,-0.4058437857083419,-0.41151421377046693,53.39423287629349
2021-06-25,65.52635385795288,-0.0063166720034243395,65.94670842905387,65.26930546075855,0.22144367032427353,67.22155789716194,62.9207381053472,-0.32244035518729675,-0.39369944205383295,51.21141282918325
2021-06-28,66.01986612202988,0.007531508088284955,65.99818135578899,65.25345110549374,0.21867898981878972,67.25358938816296,62.91337772264043,-0.21405275345453845,-0.3577701043339741,53.63013359929824
2021-06-29,65.91768228755411,-0.0015477740334537415,66.01985050273682,65.23970167965916,0.21553698468884316,67.16931541374981,62.944756934127774,-0.1348457616454084,-0.313185235796261,53.04376492180367
2021-06-30,65.57951374146074,-0.005130164386213831,66.02964953942298,65.2307392703,0.21616528420986966,67.06260828827585,62.976696413060345,-0.09822870607995071,-0.27019392985299895,51.05432811967989
2021-07-01,65.28846127987556,-0.004438161324779255,66.02310912183381,65.21571125562136,0.19937960804201324,67.08818343697789,63.00220802878602,-0.09163857451176227,-0.2344828587847516,49.33914621705099
2021-07-02,64.1304508654625,-0.017736831159934185,65.95664177388412,65.19013775695936,0.20894445911230794,67.0967494814795,62.96058386495933,-0.17780795093415236,-0.22314787721463175,43.13061157600653
2021-07-05,62.86598333199647,-0.01971711591609937,65.86819191580207,65.15881960662601,0.21812422631772013,67.20748632541607,62.74938925650743,-0.3441624741520286,-0.24735079660211118,37.57115964445592
2021-07-06,63.588053773808205,0.011485868883947425,65.80490945117728,65.12837512156416,0.21961168241972837,67.2393997571794,62.630091398780785,-0.4129740742020971,-0.2804754521221084,42.15636223291906
2021-07-07,63.437065712610305,-0.0023744721254559398,65.76326880085873,65.09323769039503,0.18169273504868444,67.0441588572362,62.51384584754725,-0.4742246708701856,-0.3192252958717239,41.470463695194084
2021-07-08,63.6486599407203,0.0033354983515250236,65.72470127759374,65.05492750074279,0.18168979490165033,66.7343152083885,62.511116813816436,-0.49992944868547795,-0.35536612643447474,42.87322049528963
2021-07-09,64.5669207313429,0.014427024724131376,65.67665464479003,65.01647113702501,0.188217292198836,66.5463264932613,62.54883437957342,-0.44111974488784256,-0.37251685012514835,48.627427960788296
2021-07-12,63.038040506276324,-0.023679001689241308,65.57950793835342,64.97255987113876,0.1980481687322421,66.5433627732162,62.35407948822213,-0.511978715765224,-0.4004092232531635,41.1884491627251
2021-07-13,62.36851250293986,-0.010621015468743944,65.48636080460858,64.91749315801782,0.2006316796506295,66.59090966807138,62.04501573461944,-0.6150701295021079,-0.44334140450295245,38.41683024705471
2021-07-14,62.540555137047384,0.002758485447274639,65.41221439683865,64.86952633170723,0.20132977950461517,66.59403281869686,61.811699258721184,-0.6751062107118457,-0.48969436574473113,39.542625415664254
2021-07-15,62.903672952021026,0.005806117553288859,65.35425474322963,64.81888804909298,0.19594008933047072,66.6132334086319,61.70039888383515,-0.6854828451009354,-0.5288520616159721,41.95453910362321
2021-07-16,62.5912513288869,-0.004966667421351101,65.28425425449221,64.76404350785333,0.19626270900896448,66.64269100912728,61.53527584547067,-0.7107234391873902,-0.5652263371302557,40.458973229228235
2021-07-19,63.51867914891513,0.014817211676357855,65.23620080053152,64.70919831958263,0.19585108993589345,66.62980476821978,61.60556361338287,-0.6484165749601587,-0.5818643846962364,46.55009457939962
2021-07-20,63.72516577118053,0.0032508015757271025,65.18791596758092,64.64534342131239,0.1875483287599196,66.62367284472671,61.58905886835449,-0.5757394257129747,-0.580639392899584,47.829770976060516
2021-07-21,62.670585179533,-0.01654888738044613,65.11263421731027,64.56806647157984,0.1869194602920373,66.55748917582258,61.42934759004559,-0.5963635932921747,-0.5837842329781021,42.264328147517716
2021-07-22,61.87780225318582,-0.012650000380179716,65.02664589661325,64.49292309259356,0.17895460989835374,66.3480334317932,61.232294210686796,-0.6689679056820097,-0.6008209675188837,38.6257052818623
2021-07-23,62.598298902204654,0.011643862948958139,64.95541480792997,64.43025378160738,0.1859146246202405,66.11699979125018,61.17052235565498,-0.6607525441776048,-0.6128072828506279,43.39526404435965
2021-07-26,63.02501707770028,0.006816769512575371,64.88848730029468,64.36528316436954,0.18543420853221626,65.71088384410572,61.27715339836648,-0.612745867527174,-0.6127949997859372,46.06844577904897
2021-07-27,61.38987299990838,-0.025944365485470855,64.79001866619366,64.29738742103328,0.2035402279048851,65.36384352389335,61.17141278981426,-0.6985897838496626,-0.6299539565986824,38.5547562520712
2021-07-28,62.57794244774934,0.019352857234982812,64.70552839899848,64.23538466980226,0.21887261869510063,64.92702433527838,61.30807484905811,-0.6631105055412405,-0.636585266387194,45.508929561401764
2021-07-29,63.12300211203493,0.008710092453753981,64.59607134931552,64.1715600886875,0.22208101938264957,64.50348693547222,61.515066332080195,-0.5842759922734757,-0.6261234115644504,48.39455316179198
2021-07-30,64.34067669315135,0.019290504893211713,64.49913556703203,64.12234501644039,0.22524905475076287,64.54973740746559,61.489838442855735,-0.4187162105384843,-0.5846419713592572,54.22634260984928
2021-08-02,64.01517898483829,-0.005058972411269513,64.39419270720192,64.08219098347185,0.21372149987716732,64.66798773511253,61.48650768049296,-0.31019806527777405,-0.5297531901429606,52.517844265542635
2021-08-03,63.769839264804986,-0.003832524159487316,64.31625384115354,64.03939169541154,0.210641076497735,64.69137927681629,61.48129468788889,-0.24121296542912773,-0.472045145200194,51.20821462298571
2021-08-04,62.7908863163551,-0.015351347278527272,64.21095713891593,63.991364265243995,0.2176852785757145,64.6553542199156,61.452701805164054,-0.2625090572710107,-0.43013792761435743,46.251993253865294
2021-08-05,65.08062947130803,0.03646617031995181,64.18765208809836,63.955920839797564,0.2540069654617693,64.95124339777234,61.30000958036608,-0.09354489968911395,-0.3628193220293087,56.78700575440996
2021-08-06,64.94044346010396,-0.002154035883532246,64.18703340644196,63.91947343121239,0.24936135633468717,65.03836102490023,61.25024422611429,0.028717535125885263,-0.28451195059826995,56.0624902728879
2021-08-09,66.41985680916494,0.022781078635070395,64.19996744184351,63.89464077142161,0.2443293388864665,65.70577394608739,60.921012935216005,0.24219580637183213,-0.17917039920424951,61.62663169517187
2021-08-10,65.84042199749338,-0.008723819043096825,64.18784328345713,63.8742895273083,0.2430439561691313,66.08564917170051,60.88832865905823,0.3604680760024479,-0.07124270416291001,58.50176548737381
2021-08-11,66.01141901768062,0.002597143441664951,64.18152785967324,63.85550324696163,0.24304520041990832,66.44966827063264,60.871395948189424,0.46266442474788505,0.035538721619249036,59.15990562188577
2021-08-12,64.50410128978737,-0.022834196724199063,64.17605801275703,63.83379062771948,0.25910229443587657,66.53009365563025,60.951013396968435,0.41721839006126515,0.1118746553076523,51.41866604076732
2021-08-13,64.17852592452462,-0.00504735914077914,64.17040789007325,63.81817914151527,0.2591286791791396,66.56168922943917,61.07814528272329,0.35088607289196716,0.15967693882451528,49.899821104965994
2021-08-16,65.08806742320863,0.01417205343347483,64.19475801899443,63.80462293373142,0.25869468600246975,66.69317696801654,61.10359637157527,0.3674736240316605,0.20123627586594436,53.98877396387164
2021-08-17,63.976563621807145,-0.017076921245400944,64.18505133076174,63.78569884983244,0.2666510575673911,66.70472771539079,61.11718540926369,0.2876148651372006,0.2185119937201956,48.7522770850736
2021-08-18,64.96365817345125,0.015429002368418043,64.15328588974323,63.769674217967804,0.26394963246961395,66.79313798173362,61.25808244231268,0.30051238448052686,0.23491207187226187,53.10257379088307
2021-08-19,65.29068246280796,0.005033957424065649,64.12361180366926,63.759872023632276,0.25840027625332007,66.8234876481908,61.569020796817725,0.33328004369273856,0.25458566623635726,54.4811831098975
2021-08-20,64.36268405217906,-0.01421333604772046,64.08947284021195,63.74841350776203,0.2629415946551777,66.80198158093057,61.76696537907541,0.2811262847496465,0.25989378993901513,49.990318045545685
2021-08-23,63.93146582991629,-0.006699817271653585,64.06779762440547,63.73932918841359,0.2637069880720603,66.78366825746315,61.87592357776441,0.20266218483025966,0.24844746891726405,48.00993521807131
2021-08-24,63.5409604061747,-0.006108188177328833,64.03894321072066,63.73225036484493,0.24577062637191374,66.50717513619489,62.36752543965931,0.1077264922891743,0.22030327359164614,46.224080278133464
2021-08-25,63.51597651925266,-0.00039319341039756317,64.0124129733102,63.72405917462222,0.23694132592024977,66.4144751853831,62.55402879762143,0.030126007241392472,0.18226782032159541,46.105915151430786
2021-08-26,63.05992453874527,-0.007180114445208163,63.997118048054496,63.717042530224425,0.23666281797173225,66.42086890861664,62.54132731705892,-0.06739562487059914,0.1323351312831565,43.899826918852995
2021-08-27,62.352478756117044,-0.01121862716777533,63.96520950902528,63.704780729473114,0.2284077614571915,66.54290286737772,62.22047356459443,-0.19946784209255952,0.06597453660801327,40.65048466197703
2021-08-30,62.1057886152627,-0.003956380656801706,63.948432003753176,63.689642873314696,0.22821146624022215,66.67256728683509,61.89987010817947,-0.3203490737494974,-0.011290185463488893,39.55113729378704
2021-08-31,61.23768344985084,-0.013977846264696225,63.89415502362229,63.66069843926351,0.23243885048677015,66.90325281356169,61.41596899995747,-0.4806564442400756,-0.10516343721880626,35.87442695374156
2021-09-01,60.16010173140366,-0.01759670937470459,63.7987663652171,63.63273895570057,0.23428863578253772,67.25729928919847,60.79884406582556,-0.6867367554209096,-0.22147810085922698,31.909111767069547
2021-09-02,60.137577750230555,-0.0003744006496808616,63.68266005048035,63.600454775012366,0.18538370017228328,67.40362393064706,60.15821425226921,-0.8421664136143363,-0.3456157634102489,31.82991492897162
2021-09-03,60.903773745283765,0.012740719259353162,63.590208448226974,63.57231868946199,0.19453342986951622,67.37541867395261,59.78275253748165,-0.8932234007574777,-0.45513729087969473,37.51153740311495
2021-09-06,59.631498642984226,-0.020889922316153053,63.46244109864606,63.53778676895844,0.17847833129454005,67.17779600255457,59.30153939226159,-1.0245381606598158,-0.569017464835719,32.645965563727444
2021-09-07,59.6523204755732,0.0003491750679223138,63.337133862406446,63.50994602767492,0.17908529238028953,66.97885084153344,58.88167440109072,-1.1140834456114277,-0.6780306609908608,32.799591147407156
2021-09-08,59.12971929552159,-0.008760785429388407,63.20813797348765,63.48148929390027,0.17734029061601708,66.70136853106094,58.47098673934731,-1.2132328832772146,-0.7850711054481317,30.89490710154783
2021-09-09,58.3438308479584,-0.013290921332391847,63.06924536484931,63.44561501119916,0.16790268759057977,66.69968826190073,57.85663996432463,-1.3397800068007228,-0.89601288571865,28.239189211015685
2021-09-10,59.06282769989573,0.012323442624311065,62.96789290153798,63.41361558633311,0.17874509340255906,66.57107259117596,57.47368581258652,-1.3663025910956463,-0.9900708267940495,33.84226433749487
2021-09-13,58.65350754202249,-0.006930249935763966,62.88364338573851,63.37909960682626,0.16535207261300788,66.246582385864,57.15472002977987,-1.4041643139935687,-1.0728895242339533,32.29625503761649
2021-09-14,59.91480290260716,0.021504176194083735,62.810178368314475,63.35212353247825,0.18406398394119206,65.97782774710174,57.01729859662212,-1.3172100303599024,-1.1217536254591431,41.20882901725618
2021-09-15,59.28200781359559,-0.01056158175201194,62.72707721033418,63.316562668075576,0.17187282051048947,65.48397856886999,56.94298273886832,-1.284551894666528,-1.15431327930062,38.47247921548499
2021-09-16,59.621537624100206,0.005727366920031063,62.64653476400178,63.28269965719906,0.17240032773872396,64.79430579125093,57.065741032616586,-1.2172412690583556,-1.1668988772521673,40.74599788018247
2021-09-17,59.44995797459296,-0.0028778132256335187,62.54419550886678,63.257952878276264,0.16856093737140657,64.24235556182968,57.12641865427922,-1.164320594037612,-1.1663832206092564,39.94276807482971
2021-09-20,58.843337215363,-0.010203888781371573,62.46030144304852,63.23318207813235,0.16978499461439084,63.72854191240088,57.131419442252685,-1.1579813155520924,-1.1647028395978236,37.15409430613826
2021-09-21,59.34726642841136,0.008563912872650459,62.39987652155794,63.2195100501403,0.17536095044405725,63.20436336743465,57.236228589442575,-1.0996187947228009,-1.1516860306228192,40.84864156516807
2021-09-22,59.23640519358367,-0.0018680091181860758,62.33379352268867,63.21900778410172,0.17510907271918771,62.58100883680066,57.431625987509676,-1.0502055359428368,-1.1313899316868228,40.287529339515
2021-09-23,59.756696127294305,0.008783296893360326,62.27085398619414,63.223212338305665,0.1796760710463989,61.97756463981072,57.70474734335451,-0.9580186001816884,-1.096715665385796,44.16400951483831
2021-09-24,59.73506327362623,-0.0003620155575868589,62.21373022508892,63.22166727419763,0.17690103288417944,61.489825047378595,57.93074538753756,-0.876600475303249,-1.0526926273692865,44.03600282856475
2021-09-27,58.8515248954567,-0.014790950737297082,62.12038714001976,63.21541626480534,0.18251437609765683,60.962651770612,58.13249229232356,-0.87330329110371,-1.0168147601161712,39.05682755812864
2021-09-28,58.785120815573364,-0.0011283323584443394,62.02158624090762,63.21363730960368,0.1775447653911928,60.63331320109102,58.21657459841679,-0.8660650444297673,-0.9866648169788904,38.70263123940055
2021-09-29,58.845546058954014,0.0010279003010000842,61.94508545849603,63.21594175430433,0.16786465393075917,60.541950213547516,58.17648201871531,-0.8457041189946892,-0.9584726773820502,39.24258268934046
2021-09-30,59.65838026309807,0.013813011495036776,61.90069701869428,63.21756388629354,0.17598100405936346,60.470041691606845,58.200470791942756,-0.7552726982349753,-0.9178326815526354,46.11836179937089
2021-10-01,58.92390484964176,-0.012311353580456208,61.827209137643024,63.21476902462626,0.1737338699775377,60.110420960239786,58.36210463374562,-0.7344054050011266,-0.8811472262423337,41.54342702440807
2021-10-04,58.90913931198487,-0.00025058654368825817,61.74489158232871,63.21161111110694,0.15807179253335343,60.065189106595575,58.33510055428989,-0.7108649713688706,-0.847090775267641,41.45439662545396
2021-10-05,57.52329193915675,-0.023525167554878545,61.66755996111368,63.20165744045325,0.17773945570250793,60.21150774449286,57.97587906275096,-0.7948725135479009,-0.836647122923693,34.07357761408491
2021-10-06,58.0677740131414,0.009465419235056283,61.57735659242153,63.19417682992493,0.1799730483500508,60.2484645202602,57.83272775874559,-0.8081975448113567,-0.8309572073012258,38.69210209159678
2021-10-07,57.21236716442842,-0.014731180301820967,61.45914389346939,63.17895169185309,0.1813613602890824,60.41473293221141,57.55331297844141,-0.8776647390625385,-0.8402987136534885,34.59201212856921
2021-10-08,55.80040072924002,-0.0246793919770949,61.28833837419116,63.15423584278929,0.1927387027751851,60.837672931357716,56.80413028222952,-1.034724225239458,-0.8791838159706824,29.108835605418363
2021-10-11,55.770888133600906,-0.0005288957651453652,61.12345255716642,63.128362452666906,0.19224345325108066,61.11243018889714,56.24111108384792,-1.1483390812952763,-0.9330148690356012,29.005344708199488
2021-10-12,56.65790986407898,0.01590474457486102,60.981213969151895,63.11125081743015,0.18383449614156733,61.035069635858434,55.99278233303383,-1.1535075161579087,-0.9771133984600627,36.33206509398041
2021-10-13,55.47815542657097,-0.020822413681306107,60.83495935135621,63.085992392492805,0.19301354811570376,61.15566682261666,55.49179990757313,-1.238522940012082,-1.0293953067704666,31.653170858185405
2021-10-14,54.65588254405437,-0.014821561318939858,60.62646441281114,63.059418033930726,0.1941309917643535,61.27512891710089,54.87577230508432,-1.356610662263705,-1.0948383778691144,28.863159063449714
2021-10-15,54.10632005159193,-0.010054955969642898,60.40978194464091,63.02537725230799,0.19511887758104882,61.39383112660511,54.22270630327999,-1.4775093253950118,-1.1713725673742938,27.141271435752927
2021-10-18,53.27344810330828,-0.015393246990175635,60.14685377052377,62.99245417805622,0.19793561133545243,61.60819687833224,53.4513516403474,-1.6218327146014744,-1.26146459681973,24.733110463631235
2021-10-19,53.57325866473168,0.005627767154136709,59.901510503868536,62.9615166145052,0.19554953809104358,61.58650225204337,52.8956454902683,-1.6925076589134918,-1.3476732092384824,27.23590853978112
2021-10-20,52.987015546185646,-0.010942831053358582,59.64102243443864,62.92758896998734,0.1962537892697613,61.55930227211095,52.29790650546092,-1.7753577625301276,-1.4332101198968117,25.453585869727675
2021-10-21,52.470215643410576,-0.009753331027383627,59.40034472151109,62.89648064581764,0.18928454918204296,61.40012157792823,51.72843915125527,-1.8612630181488043,-1.5188206995472104,23.96475034843357
2021-10-22,52.91632874239133,0.008502215847797423,59.17510077786844,62.86035211957591,0.19555421308283663,61.07936303654726,51.36732423951273,-1.8717693613142714,-1.5894104319006228,27.8860006499563
2021-10-25,52.37528178024197,-0.010224574814766463,58.9208450650091,62.81521475691354,0.19348298934188227,60.87975654565309,50.91930641888545,-1.9018305632100834,-1.6518944581625152,26.126211263325587
2021-10-26,52.70939324719127,0.006379182232396863,58.695501657516786,62.77364254984669,0.1976474210320314,60.576068087953914,50.61542211974641,-1.8770567375517615,-1.6969269140403647,29.10165445788256
2021-10-27,52.01303120292683,-0.013211346239534794,58.436489118106294,62.72518157930786,0.19800043975634823,60.23318396478075,50.275054757316866,-1.8918063336576267,-1.735902797963817,26.688863154262307
2021-10-28,51.15316401415379,-0.016531764615261624,58.15373874913322,62.67068822526207,0.18653527702153364,59.67514928537817,49.98256781182499,-1.9503966324613984,-1.7788015648633333,24.038582299478463
2021-10-29,49.870420826631005,-0.025076517010127808,57.86389348462225,62.6208385595807,0.1960753275203426,59.302578520148614,49.449790174753474,-2.0764010623526588,-1.8383214643611985,20.731233554162102
2021-11-01,51.202322738963666,0.026707252320225416,57.60931062280319,62.57650760018744,0.2308911709361139,58.62107424063064,49.36061279696934,-2.0452112060146774,-1.8796994126918947,31.300438401859253
2021-11-02,50.98855881325443,-0.00417488727609161,57.3582625909448,62.5312756108504,0.22245809936044225,58.16523673965002,49.16297698535974,-2.014519851606856,-1.906663500474887,30.595351701790577
2021-11-03,51.17833703433797,0.0037219765669118665,57.111509801246505,62.48655242137141,0.21808150082814623,57.440170453546585,49.199099573582814,-1.9523774240885814,-1.915806285197626,32.05861716572926
2021-11-04,51.17144412837703,-0.000134684055019485,56.87374019303914,62.44620407085777,0.21666305238068007,56.80916071764845,49.22601700587582,-1.8819908830715661,-1.9090432047724142,32.03220147218755
2021-11-05,51.301557338196126,0.0025426917695086093,56.65272176468072,62.407532591950115,0.2059435499108987,56.41929728889001,49.16599609552988,-1.7950181417983515,-1.886238192177602,33.15192260282781
2021-11-08,51.35265915272116,0.0009961064961079291,56.43765917542989,62.36976401343386,0.20636638850250325,55.96530280482047,49.178167681511425,-1.7023445599634996,-1.8494594657347818,33.614494824492255
2021-11-09,52.75886201055061,0.027383253000539787,56.26808274664388,62.33399658101744,0.22431993685303236,55.17830474760055,49.57526095337852,-1.498161388272166,-1.7791998502422586,44.911167272187285
2021-11-10,52.01264105097982,-0.014143992708211872,56.105133533035406,62.29300190977975,0.21864655169656289,54.59621937231296,49.810794891106994,-1.3806433515193888,-1.6994885504976849,40.9307289279961
2021-11-11,50.90607747313862,-0.02127489693816187,55.920503527493565,62.24640750925371,0.2243488793804355,54.17594952903675,49.85608422729161,-1.3611098662386567,-1.6318128136458794,35.8558038667727
2021-11-12,50.205012952729966,-0.013771725405057667,55.70652831164249,62.18970024714463,0.22618001461099235,53.88872815905441,49.753174887387786,-1.3862200048548488,-1.5826942518876734,33.05915344367942
2021-11-15,49.29038123371122,-0.01821793612283107,55.49970596345704,62.13071108258364,0.22833897363739097,53.860706495259876,49.38288986422259,-1.4630578858592855,-1.558766978681996,29.794156577010114
2021-11-16,49.82348324183942,0.010815538342064723,55.30312921878235,62.07595702110964,0.23188877243247735,53.61233712194136,49.25628169525188,-1.4640588246205226,-1.5398253478697015,33.892341568061795
2021-11-17,50.41414139018541,0.011855015143742209,55.12881766067563,62.03169874361516,0.23628913595323672,53.39986494660402,49.2114664549892,-1.4010405759229982,-1.512068393480361,38.19699742478916
2021-11-18,49.75511643482714,-0.01307222412572051,54.95704337241301,61.97747282671903,0.23795046562242161,53.297987364292176,49.04183411644269,-1.3882728210925777,-1.4873092790028044,35.42527203365957
2021-11-19,48.81058525777312,-0.018983598968987048,54.75199852357055,61.9143136476133,0.2410056186552179,53.173931982532615,48.75531514974043,-1.4377960378868124,-1.477406630779606,31.857243707938608
2021-11-22,48.58330955912293,-0.0046562789085590195,54.550594563912554,61.84595596959148,0.2398818113970965,53.12120683032938,48.428843079831786,-1.478341394094997,-1.4775935834426845,31.046926429903564
2021-11-23,49.55364308596941,0.01997256950281745,54.34337136757981,61.77942704100581,0.2519625681835262,52.836709154547705,48.39776573949126,-1.4158549799330729,-1.4652458627407623,38.26663356788825
2021-11-24,47.64996090577152,-0.03841659384952256,54.11073042942333,61.70280020739119,0.2798967544388293,52.88285993612179,47.915307928201656,-1.502623974894,-1.47272148517141,31.3347628492445
2021-11-25,48.01697452930461,0.007702285931752595,53.87863916752742,61.626962310876415,0.27897937618493396,52.91444899494876,47.57009992088975,-1.5242040212066854,-1.4830179923784654,33.82365124317937
2021-11-26,47.313421658305124,-0.014652169943987436,53.635908441201664,61.54862483357429,0.2703650168863692,53.08906984604242,47.13977915296351,-1.5798654942526937,-1.5023874927533112,31.468878494354797
2021-11-29,48.02199577643172,0.014976175750802456,53.419481612423034,61.47463233810533,0.2564089096341189,53.02373385138398,46.887082451368755,-1.5489463142045352,-1.5116992570435561,36.280321216385424
2021-11-30,47.31693267531439,-0.014682086608806988,53.17887493736109,61.396781323196585,0.25969727956580696,53.01429400063673,46.52935968832201,-1.563314425490077,-1.5220222907328604,33.74178741158184
2021-12-01,47.142380489937466,-0.0036890004382720276,52.93699444328817,61.311235029933705,0.2582535676930586,52.94363673584973,46.196421298668945,-1.5706803345844236,-1.5317538995031732,33.12386377983189
2021-12-02,46.17250481845645,-0.020573328317352035,52.66531061711141,61.218233196521986,0.2643438036010431,52.92680117750781,45.71336292601882,-1.6359208544250947,-1.5525872904875577,29.852540431166517
2021-12-03,45.558757989353396,-0.013292474201177074,52.381784511425955,61.12233049025554,0.26433149016428237,52.881724139676535,45.18416002896582,-1.717352110132687,-1.5855402544165837,27.970046637229103
2021-12-06,46.465245544569825,0.019897108596074187,52.134058924408215,61.03347892307872,0.27887804850716297,52.63783581415288,44.93930699367435,-1.689268165212468,-1.6062858365757609,34.53619608870949
2021-12-07,47.01622369294756,0.011857855089762337,51.89868098195571,60.950129341465654,0.2598826442542487,51.93836245517372,45.06451652089319,-1.6040614823962542,-1.6058409657398598,38.22245221648047
2021-12-08,46.766604679050936,-0.005309210189377023,51.657102154357645,60.85820828536519,0.257922932140925,51.33120419210292,45.147071146771104,-1.538936834775349,-1.5924601395469578,37.20043030919063
2021-12-09,46.21419305035271,-0.011812096099113933,51.38821841010274,60.76110774274444,0.2522130081651235,50.95327383984845,45.055813056746985,-1.514442533261672,-1.5768566182899009,34.971841272638386
2021-12-10,45.01850645930989,-0.025872713816295856,51.11011044229609,60.657619706623976,0.2614719998865709,50.78982198720723,44.700614260046194,-1.5733756429479797,-1.576160423221517,30.686645459646257
2021-12-13,44.78451650311677,-0.005197639250973718,50.82761798611873,60.55445223640614,0.2569916396099405,50.744623794609026,44.295225979584956,-1.620283965926177,-1.5849851317624493,29.914154429565258
2021-12-14,44.778576430882126,-0.00013263673917818242,50.57272367595324,60.45619785674086,0.25112073001223884,50.522790523318335,44.012568569779916,-1.6390445783987388,-1.5957970210897074,29.893581261692148
2021-12-15,44.73933352683638,-0.0008763767670532108,50.30615486622713,60.35795210297154,0.24360377347005344,50.06911388136162,43.89876442540173,-1.638194981332198,-1.6042766131382058,29.74802307263107
2021-12-16,44.69403164127462,-0.001012573992292265,50.05578815576407,60.2554201274508,0.24261472684905266,49.6865383247549,43.77523150265319,-1.6224742795575509,-1.6079161464220753,29.569030255990697
2021-12-17,44.0107814824426,-0.015287279615228133,49.819995770828115,60.151161259866385,0.24017965976020778,49.51422042953138,43.467569020343674,-1.6461720412129353,-1.6155673253802474,26.93653626702971
2021-12-20,43.98315867225439,-0.0006276373483445896,49.584241181601186,60.04769740681405,0.24069304742822775,49.31374909461185,43.20802526657634,-1.6481823972689114,-1.6220903397579802,26.832528754176565
2021-12-21,43.97254121814056,-0.0002413981722627634,49.33053380868242,59.945082883262515,0.22309392658835828,48.77681589291136,43.18684828149395,-1.6318217335694953,-1.6240366185202837,26.78971057450741
2021-12-22,44.787686396282,0.01853759540749844,49.116724428076644,59.84595201594139,0.20361648585004363,48.56636968069135,43.111067042765,-1.5353814645108699,-1.6063055877184012,35.32298685197249
2021-12-23,45.98740307431605,0.026786752667216307,48.94335483868187,59.75985032423704,0.22687886017774583,48.26755024870604,43.20692932925147,-1.3466217299407361,-1.5543688161628684,45.40848287614949
2021-12-24,45.91306267276127,-0.0016165383688798718,48.779489691105255,59.67432223221518,0.221948075213873,48.08906330933725,43.24538037006586,-1.1893172208723115,-1.481358497104757,44.94083460810874
2021-12-27,45.43675609374351,-0.010374097289317596,48.62275585091396,59.59006573881956,0.2152681710439147,47.691743916009976,43.384175795124314,-1.0905154412004876,-1.4031898859239034,41.95919052758445
2021-12-28,45.40905948490459,-0.0006095639570259381,48.45947186731742,59.501695234756944,0.21060346142628228,47.426931636550165,43.458200755543146,-1.0028885291575733,-1.3231296145706375,41.78558408234831
2021-12-29,45.0379260269547,-0.008173114840074214,48.3004900769328,59.414759976309554,0.21168696367021492,47.15868092597086,43.51600601982418,-0.9524121242976449,-1.248986116516039,39.43125310856223
2021-12-30,44.585596658520295,-0.010043299244367754,48.142797697235004,59.322936897894415,0.202670669459177,47.06434640134629,43.45164972845513,-0.9380946384927853,-1.1868078209113884,36.71602653359801
2021-12-31,44.562369061772635,-0.0005209663767776762,47.97571850362262,59.224111553438526,0.19797252039276034,47.03445187978582,43.38190535725752,-0.9180396115942813,-1.133054179047967,36.57674142611656
2022-01-03,43.929386734501705,-0.014204413737373023,47.80680060270782,59.12343421829005,0.1868533333878333,46.89223683285832,43.270534523178206,-0.9423593105120034,-1.0949152053407742,32.912516771582546
2022-01-04,44.31702843945519,0.008824200239723412,47.63895330655309,59.02728624998326,0.1839991766631975,46.53933620402491,43.35351562666239,-0.9197510832231899,-1.0598823809172573,37.070250539629306
2022-01-05,44.26587989041705,-0.001154151143234361,47.4840102803029,58.92993426560818,0.1838651259778973,46.189437542014744,43.45334180980916,-0.8956368169432807,-1.0270332681224619,36.74664172789499
2022-01-06,44.434415406410764,0.0038073458928398196,47.34963530814804,58.83333839522996,0.18192544042486483,45.94125875856075,43.52354282886897,-0.8530927572778353,-0.9922451659535365,38.64716101480579
2022-01-07,44.33405556890443,-0.0022586060059169855,47.238908002993504,58.7405499656334,0.15844936036245644,45.91167708932492,43.48467940906425,-0.8180445749788845,-0.9574050477586062,37.916575598994086
2022-01-10,43.898123231980456,-0.009832900043318715,47.092824012853846,58.64345118898242,0.16102059077543107,45.917779086232514,43.38993808504301,-0.816037956750236,-0.9291316295569324,34.83604149846565
2022-01-11,43.332378821592386,-0.012887667370160338,46.9397004130206,58.53436547663091,0.16643563762842215,45.97433321268756,43.188764197659005,-0.8502968503427795,-0.9133646737141019,31.283801470238714
2022-01-12,43.20163191256097,-0.003017302824978141,46.78016631058507,58.425703630220305,0.16648767929270583,46.0247279750797,42.98459927383932,-0.8778778241019225,-0.906267303791666,30.50950981848466
2022-01-13,42.883864039595,-0.007355459942094966,46.61441470880942,58.31627664621007,0.1676609834276695,46.09391869600678,42.734391792744276,-0.9148315475503779,-0.9079801525434085,28.653316550874052
2022-01-14,43.03743181000189,0.003581015233727669,46.449132198245536,58.212224822300314,0.1610956689490949,46.1477342141179,42.58324130738908,-0.9211080438088572,-0.9106057307964983,30.84308576303546
2022-01-17,43.04767405036024,0.00023798446904477188,46.28303249619831,58.10669868790482,0.1611564160949585,46.190082989763816,42.44734406955374,-0.9147115240533452,-0.9114268894478676,30.99520473965869
2022-01-18,42.247108175718886,-0.018597192352478698,46.07279741950168,58.002626349397126,0.17272774476623465,46.317853354341686,42.147030400733705,-0.9631387475888928,-0.9217692610760728,26.152878195253507
2022-01-19,42.29951431652872,0.0012404669354375564,45.87853488481266,57.90357155985381,0.155587097554054,46.34531698125512,41.87074956584495,-0.9859238175012877,-0.9346001723611159,26.957340923770715
2022-01-20,41.524165470836735,-0.018329970407934826,45.690896644766624,57.794931373993734,0.12014994821449017,46.221046847549204,41.54869593920293,-1.0543909589123217,-0.9585583296713572,22.970394052566846
2022-01-21,41.179677558184075,-0.008296082744747801,45.5103899368757,57.68845878144976,0.1199470887389147,46.07647494436558,41.21992933092884,-1.1234979720367022,-0.9915462581444263,21.45229965078417
2022-01-24,41.022632269638514,-0.0038136599861343656,45.345034957594244,57.57634084387158,0.11859034992389178,45.970965782563255,40.884026110320676,-1.1773660768809648,-1.0287102218917341,20.778125186176368
2022-01-25,39.85987166319834,-0.028344368513396168,45.14576272602143,57.451469077486756,0.14308794497066668,45.978112301750755,40.321960808962544,-1.298908987151549,-1.082749974943697,16.614774629970555
2022-01-26,39.92294412541841,0.0015823548744213767,44.93593878072609,57.3256359885781,0.1457023584814265,45.921615826717115,39.86695909384255,-1.374301110894116,-1.141060202133781,17.579505106815205
2022-01-27,40.01942520090855,0.002416682376606305,44.741224956047716,57.197655703785955,0.14777942687730702,45.84135175564673,39.49060601915177,-1.4100109669394385,-1.1948503550949126,19.12099166986043
2022-01-28,39.9429676347095,-0.0019105113533044449,44.563872603586454,57.06010145064478,0.1472590717153169,45.70032147651729,39.1696961555749,-1.4280194524046266,-1.2414841745568554,18.820591066414366
2022-01-31,39.71830584137648,-0.00562456438859571,44.386572529231515,56.92225059867116,0.14357057177801338,45.624343832598456,38.824565710181204,-1.4437766772098328,-1.281942675087451,17.929246029920918
2022-02-01,39.52295864168178,-0.004918316518203403,44.18595884034576,56.786104506854336,0.1340057129557656,45.4390080987219,38.53049446428041,-1.455252038190018,-1.3166045477079644,17.167882656979316
2022-02-02,38.99799294793542,-0.013282550491873324,44.01291948118904,56.653498980451324,0.13548769348165854,45.245891221717265,38.1968226470369,-1.4895362420124982,-1.3511908865688713,15.288931444756983
2022-02-03,38.862678821186506,-0.0034697715579765642,43.82983356702668,56.5199271940374,0.13067869890512762,44.945108153693056,37.94043205653867,-1.5102166027877217,-1.3829960298126416,14.838140538320133
2022-02-04,38.574745917237166,-0.00740898241405763,43.655060052205314,56.37795466176594,0.12966116248819473,44.602849524147686,37.706759720917304,-1.532177725615682,-1.4128323689732498,13.899032768492134
2022-02-07,38.635881105121705,0.0015848500471189464,43.467337758779124,56.23165718815103,0.1325397779408337,44.26051032821432,37.522874704164806,-1.5270461376226905,-1.4356751227031381,15.1272881338176
2022-02-08,38.00141902341157,-0.01642157661640664,43.28102748574107,56.086534937317175,0.13542087376522421,44.024314966676926,37.22597408588412,-1.5562357873073651,-1.4597872556239837,13.047136684123387
2022-02-09,38.13840426739268,0.0036047402307981535,43.10094796129017,55.94598758102641,0.13965814373261845,43.71695532226468,37.02701096577954,-1.5504426923859569,-1.4779183429763785,15.741164818462877
2022-02-10,38.22641714820128,0.002307723212317203,42.942026207885064,55.80811138860506,0.14275392210595625,43.39507866038756,36.883142938517274,-1.521214109663532,-1.4865774963138094,17.509558678898628
2022-02-11,38.16217895068936,-0.0016804660835169072,42.79409462711178,55.66846590452972,0.13940274469669559,42.962178929766836,36.82851738320676,-1.4861028642020315,-1.486482569891454,17.225397598131025
2022-02-14,37.939624900637824,-0.00583179619641494,42.623582214233146,55.528557269798156,0.13747736113700687,42.44065909752458,36.83923230047677,-1.4594120079134925,-1.481068457495862,16.241943209915263
2022-02-15,38.24561205999443,0.008065107658759674,42.448169981574075,55.389088293004576,0.1383160569422884,42.01935474108785,36.86038704534106,-1.3974596604121032,-1.4643466980791104,22.770546953313186
2022-02-16,37.37583648803319,-0.02274183952388731,42.26035461775372,55.243794111979426,0.14984999507603355,41.55458770975628,36.83278629382308,-1.4023798365100575,-1.4519533257653001,18.384002990334324
2022-02-17,37.62883930323415,0.006769154592218163,42.08864754281135,55.101052217055404,0.14922168676223266,41.186673101875215,36.811168284943875,-1.370070577978069,-1.435576776207854,23.028934888097936
2022-02-18,37.76841924328527,0.003709387337895498,41.94364579849086,54.95909504658998,0.15163216635882862,40.82368584748429,36.83302970784492,-1.3180091343038782,-1.412063247827059,25.546448439499812
2022-02-21,37.929931576863886,0.00427638584866985,41.80655409996581,54.81688774217698,0.15464472059278428,40.41640224177143,36.93104324428031,-1.249316032059383,-1.3795138046735238,28.462179047931585
2022-02-22,38.1454669174613,0.005682460569712333,41.67389190969739,54.67604855323949,0.12809831885548822,40.25189597352761,36.924109037950444,-1.1640657278365723,-1.3364241893061337,32.27385368882598
2022-02-23,37.80933033283817,-0.008811966710237318,41.535291845817426,54.53108292586614,0.12937307351545616,40.05521489672021,36.90942873549981,-1.1108227870868035,-1.2913039088622678,29.622969901600115
2022-02-24,37.683542683559054,-0.0033268943980705457,41.395082066663115,54.376521366303024,0.12796829946393623,39.798523006259174,36.932532374225886,-1.0664836256203714,-1.2463398522138887,28.6738252628695
2022-02-25,38.03254658355511,0.009261440807907917,41.27551736868536,54.22074677018416,0.1351404440751293,39.50067467998186,37.03933859538777,-0.9917505398493134,-1.1954219897409737,34.90576560758285
2022-02-28,38.27401596482204,0.006349019536108003,41.16133451453672,54.065805240126565,0.13801912493564783,39.222973003175724,37.17261128453846,-0.9026344617242046,-1.1368644841376199,38.884476328730614
2022-03-01,38.396457791400266,0.00319908490111831,41.04981284600191,53.91945361624744,0.13860420751226363,38.96381055721981,37.31912364546624,-0.8127603008253814,-1.0720436474751722,40.85846584011614
2022-03-02,37.602281505454734,-0.020683582070516016,40.90610474818536,53.76718641663353,0.14910555899104203,38.821680219275436,37.321682839162534,-0.7964369405860481,-1.0169223060973474,33.337153605859754
2022-03-03,37.89787896355042,0.007861157521859452,40.744314265970054,53.62544640139036,0.15278024121501801,38.67715229554253,37.369730777131835,-0.7509913546748237,-0.9637361158128426,37.9179999635996
2022-03-04,38.53503164333139,0.016812357240197473,40.596753645381455,53.49326467189239,0.16356098840325897,38.66832087817409,37.3745907671097,-0.6560005382128509,-0.9021890002928443,46.45844250234577
2022-03-07,39.09533464344895,0.014540094460114839,40.46992521637556,53.3598755699142,0.17149887404897246,38.80568864828114,37.283168350835375,-0.5294052086311254,-0.8276322419605004,52.629841560047154
2022-03-08,39.23532284235719,0.0035806880842672584,40.34645048352462,53.22381903454193,0.15936326750241284,39.034388558061735,37.17785882294933,-0.4130205760415748,-0.7447099087767154,54.054748252724465
2022-03-09,38.400479001863076,-0.021277863415280596,40.213701543022786,53.084185478516865,0.17862179362949798,39.05676375758124,37.181691096876875,-0.38372647708871455,-0.6725132224391153,45.30279328571803
2022-03-10,38.92223032017444,0.013587104428724794,40.10043421625586,52.954908661939754,0.18460409610106876,39.15761629356776,37.15041987808767,-0.31478112086902854,-0.600966802125098,50.67755052185453
2022-03-11,38.8537266394196,-0.0017600142692577592,39.9862613678088,52.82687213484328,0.18461944209390552,39.239896220684756,37.137294719843695,-0.26264153573296767,-0.5333017488466719,49.9830832514723
2022-03-14,37.51154382487945,-0.03454450655393282,39.85790450961636,52.69507704908193,0.22281654460024672,39.2565763649024,37.07780646805021,-0.32586708203432835,-0.4918148154842032,38.77221538239521
2022-03-15,37.721477401124545,0.005596505897628612,39.725993488849745,52.56137494592034,0.22173163719166078,39.247509187215854,37.03446017984977,-0.35494234348695386,-0.46444032108475336,41.00123566938816
2022-03-16,36.95271859357442,-0.020379870050561966,39.579730262912896,52.41337888776632,0.2187411384474181,39.30157204784272,36.938085529777034,-0.4350026686633939,-0.4585527906004815,35.85377281453265
2022-03-17,36.29895857598913,-0.017691797585332902,39.41702112630446,52.26100174681375,0.22513189542632972,39.47641701794984,36.63025248694541,-0.5449224955615506,-0.4758267315926954,32.1565268241378
2022-03-18,35.98850662263722,-0.008552640778991205,39.25011014737912,52.110596118801716,0.22543079252554554,39.65912734291736,36.269550899913085,-0.6495974730789342,-0.5105808798899432,30.54568084427993
2022-03-21,36.646425888790404,0.018281371690464843,39.10507620051532,51.96875211514446,0.2360906330851777,39.69470531879904,36.10562235522404,-0.6717213747104793,-0.5428089788540504,37.671494879427186
2022-03-22,36.46759538280248,-0.004879889420338457,38.96778053173952,51.82617168660639,0.2347342964292688,39.71630444264108,35.91623607791613,-0.6956656528230099,-0.5733803136478424,36.57311919081082
2022-03-23,36.61719543701137,0.004102273611367169,38.83609180222853,51.68504522184257,0.23434308016945077,39.730960991387896,35.78236603958663,-0.6945636937113449,-0.5976169896605429,38.196520211630734
2022-03-24,37.53558822411736,0.02508091556836467,38.72912628591897,51.553599808955504,0.2523994279295625,39.725824369446315,35.77270721558405,-0.6125229769890623,-0.6005981871262468,47.14095971216164
2022-03-25,38.39418127938231,0.022874106837981634,38.63626127530658,51.42583118681453,0.26346151418924063,39.76135708670704,35.773337967906045,-0.47277398965572104,-0.5750333476321416,53.86343277878634
2022-03-28,38.35017040071781,-0.001146290328324695,38.54231120231373,51.30285871942378,0.26263612819589033,39.76952467416816,35.77278582403449,-0.3614071438645894,-0.5323081068786312,53.48792159935105
2022-03-29,38.23218410751613,-0.003076551993611676,38.46201272094968,51.17426197767938,0.26263986875368717,39.75181729874979,35.77406583106444,-0.2794473291683772,-0.48173595133658037,52.432596162544584
2022-03-30,37.574494705412484,-0.01720250666961909,38.36751232872735,51.037486777948125,0.259287874697942,39.7509392614732,35.77216518833681,-0.26451446563780223,-0.43829165419682475,46.88004380455599
2022-03-31,37.22211503704765,-0.0093781612002376,38.281471320051565,50.893882885698034,0.2596559987822225,39.73031310764292,35.72521494951682,-0.277910577833687,-0.4062154389241972,44.18046350409635
2022-04-01,37.45566967703076,0.006274620336610415,38.2069911624285,50.75352946479342,0.25279469281339784,39.64263564138358,35.7049562191461,-0.26660789584796163,-0.37829393030895014,46.38421807545452
2022-04-04,37.67505944751796,0.005857318061028627,38.1400397059861,50.611805431420855,0.24740063205174043,39.45471923829511,35.75084510264146,-0.23721307333197927,-0.350077758913556,48.44330475544027
2022-04-05,37.744571259235556,0.001845035223220437,38.09773369790684,50.47093987627926,0.2469825833416826,39.2162664717111,35.84022271091332,-0.20593455705472508,-0.32124911854178984,49.11017275707777
2022-04-06,38.28540989258931,0.014328911822555579,38.064983013250256,50.334469357034905,0.24206714852364503,39.19873877851663,35.84624349318041,-0.13593794184569674,-0.28418688320257124,54.08629384912459
2022-04-07,37.88501793065041,-0.010458082153546266,38.02229486784509,50.19745214028878,0.23914470145121527,39.024230388562366,35.91703064418227,-0.1114882380976141,-0.24964715418157982,50.17475580975803
2022-04-08,37.86664545275361,-0.00048495365451417527,37.98076842420598,50.066133113225234,0.23915086087581192,38.847356926786176,35.99519598729185,-0.09252757683835,-0.21822323871293386,49.99608098520186
2022-04-11,38.26777121220131,0.010593115779114592,37.95175773162247,49.943142052626264,0.2071550352479702,38.934494092252,35.98368156055822,-0.04461927650162778,-0.18350244627067264,53.85938575840085
2022-04-12,38.59358619519539,0.00851408306972945,37.93317028269274,49.818169714733195,0.20825482273242346,39.06002714888515,35.94535938333215,0.019415137237508873,-0.14291892956903635,56.780256230650004
2022-04-13,39.18834349593226,0.015410780893196918,37.93697729365268,49.696926103649815,0.1974809300507683,39.319523701952676,35.90942532050042,0.11680832142538833,-0.0909734793701514,61.563535845310746
2022-04-14,39.418593785516656,0.005875479008401907,37.94809559293929,49.5757757728738,0.1818029416929713,39.538406230285915,36.00250631311992,0.21014991821834883,-0.030748799852451346,63.258817258597716
2022-04-15,39.25999229901904,-0.004023519645591445,37.96180052057492,49.449241130712174,0.17826807426397007,39.61081103040975,36.25725008063428,0.2682339576008417,0.029047751638207275,61.25467134706984
2022-04-18,39.47141284066818,0.005385139661742144,37.97851115528585,49.33140799238413,0.17068395728157862,39.771198009601996,36.379361796629816,0.3275500549397563,0.0887482122985171,62.94019930220063
2022-04-19,38.932927255458836,-0.013642419828826857,37.9971413199268,49.214230066146726,0.17919847332628513,39.75510633146982,36.64198666202762,0.3273339015567984,0.13646535015017341,56.230540264528365
2022-04-20,38.06091569958587,-0.022397790696580655,37.99559154857066,49.09183186895942,0.2010526327509291,39.64130500784928,36.90016001190561,0.25387207434602743,0.15994669498934422,47.41547923433364
2022-04-21,38.383102584235786,0.008465032402082295,37.99872525729135,48.96922901712049,0.18366495132020097,39.63967907437598,36.98653738139075,0.21912490052793743,0.17178233609706287,50.502948860535156
2022-04-22,38.364991390552156,-0.00047185330169396966,38.00278150608861,48.84809771742882,0.16482074375180786,39.63790820805762,36.985389258826096,0.1879594138463716,0.17501775164692462,50.32407598700451
2022-04-25,38.54256041303316,0.004628412937027981,38.014840216336516,48.72321712374941,0.16555486624405863,39.651489071332264,36.99104739678299,0.17556507235535435,0.1751272157886106,52.114820696626225
2022-04-26,37.64859043489122,-0.023194358873979803,38.002899783834444,48.592834247067955,0.18523225339847488,39.655721150411225,36.928455950441545,0.09253981996952376,0.15860973662479325,43.59443606265774
2022-04-27,37.467875726482745,-0.004800039160058223,38.00474056860344,48.46682069980271,0.1755596521405168,39.66297769894668,36.9105375040131,0.012020972330155644,0.12929198376586573,42.09614719637375
2022-04-28,37.16568610126244,-0.008065299122541836,37.99547750456401,48.343260119043094,0.1746975223774005,39.66954577933426,36.898326530047015,-0.07530688093569893,0.08837221082555279,39.64258438870332
2022-04-29,36.72974617896368,-0.011729634725724858,37.974704043277576,48.213917355426894,0.17775903502073856,39.757099592254555,36.738180367320005,-0.17764377537654497,0.035169013585133226,36.351014073868924
2022-05-02,35.598971224832646,-0.03078635361707638,37.92808483623695,48.07678712616255,0.20477073193329048,40.051979617063616,36.23569152024242,-0.3460020932836443,-0.041065207788622306,29.50713352256912
2022-05-03,35.44309705173336,-0.004378614542393078,37.87403743892239,47.947053246421675,0.20410887647793244,40.28426051905582,35.773263197499986,-0.4863981214833544,-0.13013179052756876,28.70485725176107
2022-05-04,35.901919805687896,0.012945334694787869,37.835889228379386,47.81367313321137,0.2025988667398359,40.35210935276041,35.46706535510525,-0.5542507658088809,-0.21495558558383124,34.36212706513929
2022-05-05,36.104760940521246,0.005649868751620657,37.80431359351863,47.6785819273538,0.20294021007333932,40.39315948838551,35.24798952046724,-0.5849143622503306,-0.28894734091713115,36.751547751585015
2022-05-06,35.81301898568196,-0.008080428930685946,37.759923041561166,47.535943638816455,0.20381567553316857,40.44219730926816,34.99358905287743,-0.6255457192528908,-0.3562670165842831,34.78990933636456
2022-05-09,35.81630449370369,9.17406048075442e-05,37.7107688121388,47.39494926636078,0.1980553975713253,40.43366242682268,34.756977263473146,-0.649988585560827,-0.41501133037959187,34.83209505095266
2022-05-10,36.208663870561544,0.010954769968711586,37.66701293372203,47.25714338938957,0.20015332366990393,40.338122397578005,34.614025060254434,-0.630432378553472,-0.4580955400143679,39.83753670492227
2022-05-11,34.84649553312579,-0.03761995588418354,37.611897214275444,47.11742143547342,0.22236231097394027,40.23074365780395,34.28721900374784,-0.7165891506530784,-0.5097942621421101,30.949692853681128
2022-05-12,34.7962304984875,-0.0014424702934762168,37.54986424497419,46.96599944060931,0.2187719182006026,40.0113940099944,34.04433232285448,-0.7799343834013825,-0.5638222863939646,30.677706747687466
2022-05-13,35.07237782004799,0.00793612749439876,37.480611168508524,46.816659112409035,0.22434404884611583,39.7293200547223,33.907644830229465,-0.7986468519725634,-0.6107871995096844,34.10388323876913
2022-05-16,35.41954068929866,0.009898469702622315,37.40709528942551,46.66165753180971,0.22780126442881352,39.30484281105358,33.926934858761236,-0.7765123252208994,-0.6439322246519275,38.236684559857814
2022-05-17,36.28389168747915,0.024403224360321385,37.34806666632795,46.51387488025963,0.248423594973182,38.943023442330315,34.02385067068653,-0.6813702394469772,-0.6514198276109374,47.12775425729152
2022-05-18,36.87613253949581,0.016322418144055773,37.31757973708061,46.36819844786871,0.2471676690399453,38.778634694067556,34.069761102940284,-0.551819531748734,-0.6314997684384968,52.20468933085254
2022-05-19,37.04896465474256,0.004686828670594334,37.28011442377197,46.23092276469349,0.24551302545299036,38.54814337766232,34.166838626396206,-0.4302439705780259,-0.5912486088664026,53.6047853093697
2022-05-20,37.217090242300586,0.0045379294435019535,37.24738169582959,46.09611558628236,0.24647472276083507,38.323018212721074,34.277173676512284,-0.3166776695641218,-0.5363344210059465,54.986163520756996
2022-05-23,37.64067718923774,0.011381517044438683,37.24996436311675,45.958878635112505,0.24980928851624212,38.099815874880164,34.41018769197366,-0.19030194884810214,-0.4671279265743776,58.35080978016927
2022-05-24,37.36874754092515,-0.007224355899482671,37.24290976591277,45.82583955470809,0.23715692144204104,38.04511519537355,34.436904082083664,-0.11081334246763674,-0.39586500975302946,55.4836174445529
2022-05-25,37.35893457193678,-0.0002625982842380248,37.251034085480015,45.687815936700524,0.23655250623495122,38.02466688103857,34.44645828096405,-0.048055915137652505,-0.32630319082995407,55.37786882019806
2022-05-26,37.84729235447799,0.01307204790866967,37.28200076104979,45.550598986158874,0.23892747467295566,38.156637785491455,34.38264800183272,0.040617971151384324,-0.2529189584336864,59.51350657747702
2022-05-27,38.910481986111954,0.028091563900426886,37.340440268319284,45.423337975828545,0.2521929370912479,38.600017205449696,34.15734216258931,0.19444177893095826,-0.16344681096075742,66.74060311031407
2022-05-30,38.83546718677263,-0.0019278815247288916,37.38422109427893,45.297857982612825,0.2196000187901818,38.983204932171205,34.0978040320618,0.30675905996275077,-0.06940563677605575,65.84747507695073
2022-05-31,38.82080530798433,-0.0003775383650669317,37.43128529278257,45.174257207121876,0.21791896124694068,39.29547631861978,34.123303471238316,0.39009149140952104,0.022493788861059634,65.66251904888884
2022-06-01,38.94050797413212,0.003083466847174643,37.47775154352498,45.05137986439627,0.21574181844532173,39.6001812737687,34.12245733293382,0.4604838769775128,0.1100918064843503,66.49008306252794
2022-06-02,39.69161263060006,0.019288517164873564,37.52087203165464,44.93453830485554,0.2223235453668571,40.0292855017517,34.0520382739587,0.5703041074743496,0.20213426668235018,71.18318937533701
2022-06-03,39.68667584677902,-0.00012437851459923266,37.54672192300257,44.82120929030885,0.2179412615537695,40.38563217551525,34.08305728630486,0.6494525889835856,0.2915979311425973,71.11269369440136
2022-06-06,40.52368171323396,0.021090349559293564,37.59019214925289,44.713298755798704,0.22402554975840727,40.86851645567006,34.07091072810306,0.7708320371882778,0.3874447523517334,75.536298413954
2022-06-07,39.990956291493994,-0.01314602719244029,37.625367592932456,44.60706512000692,0.2335013991682198,41.180863236531295,34.13679318933508,0.8146488699484351,0.47288557587107377,68.36104023702583
2022-06-08,39.89890291679624,-0.0023018548000397487,37.67185575716013,44.50575912593389,0.1738756763006093,41.30664176067901,34.51625540355442,0.832351260369272,0.5447787127707134,67.17362774745871
2022-06-09,39.8003026090743,-0.0024712536063349333,37.723419508600664,44.4040727502281,0.174563360181954,41.319466167068676,35.003838208223435,0.8288696185118241,0.6015968939189356,65.85415813916966
2022-06-10,40.25304268403723,0.01137529227880063,37.77936696874079,44.30081909492187,0.1752861741192894,41.3534165822136,35.487954279477435,0.852812046187374,0.6518399243726233,68.87713935022488
2022-06-13,40.858678262899204,0.015045709304905452,37.84303934504842,44.20695499302145,0.17736668979408496,41.45753729912468,35.9277473199264,0.91016451238157,0.7035048419744127,72.39754320162857
2022-06-14,40.016305954329354,-0.020616729282081248,37.88847403895029,44.10877492041523,0.19100961674231348,41.45712507111741,36.301400974618694,0.8775287446149704,0.7383096225025243,61.90840145978752
2022-06-15,39.51875515007611,-0.012433701522101992,37.91314094410002,44.01072009968801,0.19557334167276377,41.42245490481219,36.600333401981935,0.8022684208731832,0.7511013821766561,56.68446141218886
2022-06-16,39.71747661574967,0.005028535562896508,37.94979011780201,43.91758832852696,0.19560371496297607,41.38813221533314,36.90150728756171,0.7500135443101428,0.7508838146033535,58.201515827068334
2022-06-17,39.36470477024518,-0.008882030671721886,37.97975130415184,43.81909771387871,0.20045014946942033,41.304451478369764,37.19994947731954,0.672384607255438,0.7351839731337705,54.549110781174384
2022-06-20,38.54612622560308,-0.02079473349082106,37.98531840441988,43.718560807296605,0.2144126229944181,41.23688569730139,37.35806016202446,0.5386019993664206,0.6958675783803006,47.15444721058829
2022-06-21,39.122366142561276,0.014949359984595345,37.9958940033672,43.61459862349638,0.21718260979950374,41.10336595358881,37.66694176590064,0.47361650793588694,0.6514173642914178,52.07917978940589
2022-06-22,39.40567765072965,0.007241676209869041,38.000240686463144,43.51521697268205,0.21760273295823618,40.9171468102779,38.057835217090826,0.43990495823097575,0.6091148830793295,54.332520237891416
2022-06-23,39.69060039094598,0.007230499694529602,38.00568081857173,43.41556228651628,0.21490214642533775,40.78400923241706,38.375303598598464,0.43120849305799425,0.5735336050750625,56.545536192899114
2022-06-24,39.43911749742988,-0.006336081869234289,38.009263322539944,43.315508084130464,0.1942068652264876,40.77116746160316,38.44100892054417,0.39941965284929637,0.5387108146299092,54.0556219572107
2022-06-27,40.02336033364757,0.014813790806951,38.02030227239953,43.22140819972188,0.20015093329913197,40.785388944923696,38.54557675191113,0.4165683415823622,0.5142823200203999,58.61493426242383
2022-06-28,39.90109838801685,-0.003054764632742124,38.039665695050694,43.124177359519905,0.20072356301329133,40.769919351207896,38.669075653630166,0.4155036166752524,0.49452657935137034,57.332744552325885
2022-06-29,40.53046631200292,0.015773197967279273,38.08905670729904,43.030647665112,0.2070483120474075,40.84181862541079,38.75617221321438,0.46014033478194705,0.48764933043748576,61.94727724993334
2022-06-30,40.02845730597091,-0.012385966698916118,38.12196380173374,42.932006471005394,0.20261955991221461,40.862232930456706,38.76944237570553,0.44982205549795395,0.4800838754495794,56.68146164414715
2022-07-01,39.564519228278954,-0.01159020629113161,38.145954358488275,42.83115375077865,0.20712571910718697,40.86071549283883,38.7587441514734,0.3996024509382252,0.46398759054730865,52.26018621194011
2022-07-04,39.68995061379491,0.0031702997524687415,38.16890216250351,42.73534587937034,0.19206015119489991,40.764518746437815,38.77156778793052,0.36570865531648167,0.4443318035011433,53.32033099905578
2022-07-05,39.313397828889094,-0.009487358363578835,38.202198310383466,42.63798726443692,0.18940431612323722,40.74470288138883,38.72362780671901,0.30494766843725785,0.41645497648836627,49.74866975134126
2022-07-06,39.69882885443647,0.009804062910689026,38.246817372942544,42.54225367841433,0.19296084533620111,40.731789680215655,38.716533601656195,0.28461435404921076,0.3900868520005352,53.20401545005668
2022-07-07,39.855599738873174,0.0039490052719572954,38.300615645694755,42.44323977579321,0.19329567060103484,40.73573699021951,38.71811600463225,0.2779461657053872,0.3676587147415057,54.57227457922366
2022-07-08,39.355719697096276,-0.012542278752597502,38.35313511605741,42.34539885003048,0.1935015990179688,40.671989130090516,38.692131566067125,0.22967785337738178,0.34006254246868095,49.59300893254286
2022-07-11,39.40770821528437,0.0013209901531017199,38.42930985586644,42.24789169454698,0.18426681062853786,40.43545677698986,38.783566914406315,0.19339062034477195,0.3107281580438992,50.10292030111997
2022-07-12,39.22614738321574,-0.004607241585244393,38.50497086249609,42.15640597176727,0.17078686424268724,40.38958638159141,38.750421452693395,0.14827308512180082,0.27823714345947953,48.2665934775438
2022-07-13,39.744251294696625,0.013208126365796824,38.581817492276265,42.06478835817504,0.17215107476804906,40.40409052904404,38.758466919702826,0.1525650936535925,0.25310273349830215,53.50362755233411
2022-07-14,39.405660258155265,-0.008519245564113542,38.64783547862895,41.97575482364369,0.17396509498366472,40.389449755199294,38.74192605778812,0.1271790336777201,0.22791799353418574,49.945251852993714
2022-07-15,39.175871879937525,-0.0058313546001347305,38.71509253651406,41.892632179397175,0.17230676738471892,40.39391865637016,38.718573867586485,0.08750963989375293,0.19983632280609917,47.63005999483244
2022-07-18,39.85780959032175,0.01740708445428263,38.79592263844642,41.813066786680785,0.1649007402603458,40.32034369832466,38.92331716210386,0.10983195909771837,0.18183545006442303,54.38744291030988
2022-07-19,41.139086040757405,0.03214618323498564,38.89453108185034,41.735472667564174,0.1922256120045958,40.65927461573239,38.78605823451574,0.22827939658176177,0.1911242393678908,63.83065799313929
2022-07-20,42.31936528505227,0.028689972429760235,39.04398847688887,41.669678716856566,0.21306372144685745,41.34695257112783,38.389749042552566,0.41263195088956905,0.2354257816722265,69.99345736459308
2022-07-21,42.36954863361189,0.0011858246980218645,39.19545483959135,41.60824704730437,0.21279965679412507,41.85192448371974,38.152671954227245,0.5563685844814685,0.2996143422340749,70.22575125318524
2022-07-22,42.512318351966464,0.0033696303821681983,39.34425365022972,41.550277038806236,0.20970314519158592,42.29635210812848,38.01556441527216,0.6740314107315442,0.3744977559335688,70.9155832485202
2022-07-25,43.447890426408144,0.022007081963771657,39.50482064497191,41.50114925042174,0.2161506733690833,42.92248304484054,37.73188648783616,0.8331686462307175,0.4662319339929986,75.00273567555902
2022-07-26,43.3852799317085,-0.0014410479792037467,39.646848409856496,41.45020935675662,0.21550719236498006,43.423447658747726,37.57934002829814,0.9433594477286249,0.5616574367401239,74.25073916486718
2022-07-27,42.80912683119831,-0.013279921240962222,39.76550829569055,41.39931991318169,0.21959587393334468,43.714480048097975,37.516173690867426,0.9729798061523383,0.6439219106225669,67.53993154853481
2022-07-28,42.892096660676714,0.0019381341227902027,39.882370935809234,41.35142931826802,0.21219465279733138,44.004617691516955,37.512399982919035,0.991717226572014,0.7134809738124563,67.98862049936545
2022-07-29,43.177037598641974,0.006643203763608385,40.00156988293606,41.30273286254926,0.20468320418796251,44.30531214515986,37.57295736631242,1.0178262521336876,0.7743500294767027,69.54554008201842
2022-08-01,42.69153778324151,-0.011244398467386674,40.10258709481614,41.25431414256426,0.21214408168704893,44.488376320728534,37.690051907688414,0.98795355181948,0.8170707339452583,63.84751095043214
2022-08-02,41.73138510978111,-0.022490468212585824,40.18983984619325,41.19942410187722,0.2273687109154518,44.51400176451388,37.90622519199226,0.876696908940346,0.828995968944276,54.36151671941964
2022-08-03,40.91264864373627,-0.01961920180437393,40.26091412762924,41.143922189081266,0.23950169882545116,44.5015875169421,38.04002141849403,0.7142268648469638,0.8060421481248138,47.83510935587853
2022-08-04,41.307962707184984,0.009662392354283345,40.330127534683385,41.09469618254642,0.24109369242316703,44.50481518665854,38.18203004560876,0.6103312072728713,0.7668999599544254,50.9002121395881
2022-08-05,40.883968246010596,-0.01026423075327898,40.36959725988136,41.04976391964332,0.23941350125278918,44.45009549516538,38.38957459199336,0.48815321418213387,0.7111506107999671,47.665235937721576
2022-08-08,40.81538740088097,-0.00167745079726489,40.409195664163526,40.9978292429529,0.23976495386645266,44.38611071958519,38.59432728613322,0.3813958790815306,0.6451996644562799,47.14332185981519
2022-08-09,40.949310562184756,0.0032811929478560042,40.45176576924754,40.947633001697554,0.23857315802517082,44.285134656791975,38.86761966682334,0.3040910296442405,0.576977937493872,48.333049728804944
2022-08-10,41.31819444325287,0.009008305048455734,40.499319498629944,40.89833228874213,0.2364731559340354,44.227748631798924,39.082400006671996,0.26948576171282923,0.5154795023376635,51.566821808514185
2022-08-11,41.13726111214353,-0.004379023177255248,40.52823246826082,40.848161373660965,0.2344673225567579,44.103497849612964,39.37981087425679,0.22486888137366634,0.45735737814486405,49.916552780466354
2022-08-12,41.437916824190054,0.007308598188559889,40.56325728780903,40.79884317109094,0.23309156474112974,43.893854527179656,39.81565869111536,0.21133395920425357,0.40815269435674195,52.62942065845988
2022-08-15,40.937048442050425,-0.012087199852846786,40.57152462238537,40.74676511753758,0.2322766789156339,43.775112461518816,40.042324641949065,0.15836599871047952,0.3581953552274895,47.967935573407814
2022-08-16,40.74248830217562,-0.004752666527735094,40.586555262599,40.6866832489957,0.20260965951865945,43.79765894297985,39.980118386629854,0.0995416766388999,0.3064646195097716,46.25413147872896
2022-08-17,40.17438760506349,-0.013943691727876129,40.59206495636434,40.62749198176613,0.1762003319336823,43.82487386232281,39.738405699288,0.007001292606474863,0.24657195412911226,41.58241969603633
2022-08-18,40.82825676037192,0.016275771562128893,40.61262403939029,40.57710287820229,0.18816623745982047,43.77058326344698,39.638567110839844,-0.013421141669041958,0.19457333496948143,48.08211123929881
2022-08-19,40.82502471148275,-7.916205945657229e-05,40.624063679939205,40.530202936996055,0.18730964512080758,43.68513877156164,39.555282238676824,-0.02952650414193414,0.14975336714719834,48.053650425041226
2022-08-22,40.416775718366154,-0.00999996928358915,40.615225629048545,40.485834909419324,0.16627402000890118,43.41001187041247,39.527297669021785,-0.07437505249162513,0.10492768321943363,44.47276971181205
2022-08-23,40.22994964002149,-0.004622488435161554,40.61949850276239,40.43786724141024,0.16612046445476752,43.10357826786258,39.51819824240297,-0.12356872992710066,0.05922840059012676,42.897368484574976
2022-08-24,40.11729489329876,-0.002800270637442037,40.63146929762684,40.386383008925804,0.16223800385377293,42.89816231482139,39.4544310016542,-0.1696892976857356,0.013444860934954277,41.93276856755417
2022-08-25,40.52482756187179,0.01015852812750584,40.64761631654928,40.34023156456103,0.16820018555571215,42.59916617162437,39.516700234970735,-0.17138013592743562,-0.023520138437523715,46.60985390660451
2022-08-26,39.641474498718615,-0.021797824106826957,40.65315171111875,40.29438601076575,0.17712510468332027,42.19295469999377,39.56935539660899,-0.24121872778228237,-0.06705985630647547,39.23327044379941
2022-08-29,39.08172725911038,-0.014120242667217897,40.663863731788894,40.24687809926569,0.17892639630485996,41.95578499606865,39.445544048121,-0.3378388433320936,-0.1212156537115991,35.40911993751244
2022-08-30,38.887059037103775,-0.004981054719407907,40.65915758967975,40.19354517902136,0.1656822786386327,41.95807791045048,39.15881852647144,-0.4252174376883673,-0.18201601050695276,34.16199081420966
2022-08-31,40.30251219551065,0.03639907962842681,40.67709428057537,40.15680793547006,0.20735279242055413,41.92164962928741,39.134233162811945,-0.3759170253289099,-0.22079621347134423,48.394395417376415
2022-09-01,40.85761872707068,0.013773497018428005,40.70043464729786,40.12101115645889,0.21055871014865904,41.86007474035703,39.1507736537309,-0.28872538890769306,-0.23438204855861403,52.7117739948442
2022-09-02,40.80615734552116,-0.0012595296337087891,40.727775444259684,40.08847483489497,0.20740294385331037,41.85204724256203,39.15102006147695,-0.2212277168618897,-0.2317511822192692,52.275149264276244
2022-09-05,41.22731324347221,0.010320890898522173,40.75185450245618,40.054501422230175,0.21047731106063003,41.904974514046124,39.13928537425199,-0.13222732990270458,-0.21184641175595628,55.52220731884641
2022-09-06,42.44482876420982,0.029531769716533374,40.80272910998004,40.030140902674646,0.23422342978794822,42.21819121073389,38.97562049776673,0.03613292740224949,-0.16225054392431512,63.29662365366068
2022-09-07,42.31885243929591,-0.0029680017232188716,40.8384968325259,40.006023262421444,0.23325714902808367,42.4168906698921,38.87698683821283,0.1575779472075709,-0.09828484569793791,62.08734395714364
2022-09-08,42.11495419254901,-0.004818142151642335,40.88022677025746,39.98573550929191,0.23340407929366896,42.57352220128645,38.818124614859016,0.2346660319617513,-0.03169467016600006,60.08641464103622
2022-09-09,42.84847665184334,0.01741714964097274,40.94590591872875,39.97218410260436,0.2395460801698328,42.85547385430645,38.67722894460434,0.35090303492413,0.04482487085202597,64.51675056858944
2022-09-12,43.15889556183037,0.007244572835325647,41.015284817689455,39.955652352690656,0.23447572052824972,43.225090050705525,38.529797460183254,0.46273577895430407,0.12840705247248163,66.22529739859505
2022-09-13,43.57951562529954,0.009745848636617316,41.10060717361766,39.93846881235242,0.23397098735720268,43.65747224626514,38.38111799693605,0.5786344207480809,0.21845252612760152,68.44262981186147
2022-09-14,43.283526023120494,-0.006791943369081732,41.17230111699135,39.92105341907276,0.22821614817065622,43.965316363813635,38.38418772119325,0.6392323693215474,0.30260849476639073,65.19885715210536
2022-09-15,44.478723227278564,0.027613212553885713,41.26476358675946,39.912376069957396,0.23967624717989247,44.50685529396244,38.207695437735104,0.7747680619051422,0.3970404081941411,71.14565002957005
2022-09-16,45.56979999617757,0.024530307745656232,41.38904519274108,39.91513253764173,0.24930445823906927,45.249524636625495,37.939503623541526,0.9591651922243472,0.5094653650001824,75.29577327963781
2022-09-19,45.94607771791787,0.008257172991144701,41.51981258279375,39.920940343715735,0.2424534389858206,45.96143313426155,37.78052532586066,1.1227216773457442,0.6321166274692948,76.54850510714633
2022-09-20,46.40227754774298,0.009929026643490824,41.663335186084296,39.92905884930005,0.2390446613118638,46.66139313055519,37.697798120339165,1.2744616828560211,0.7605856385466401,78.00478972349343
2022-09-21,45.117350798637965,-0.027691027617835484,41.77079717616312,39.930948935659046,0.2675764347277229,46.984253884250464,37.87494295717781,1.276321243565313,0.8637327595503748,65.64082647721396
2022-09-22,45.53561777689913,0.009270645790527832,41.893396326537996,39.93515686633717,0.26741301326863864,47.34359076673174,38.01668509619927,1.296599219668174,0.9503060515739346,67.4494755781711
2022-09-23,45.42566745725075,-0.0024146003725495913,42.01839223808427,39.94223129621121,0.24891990557940608,47.556139283667434,38.38255587511678,1.2889394977293236,1.0180327408050125,66.45911406097082
2022-09-26,45.71616648110098,0.006395041396444201,42.135559375899845,39.95089633525545,0.23621633883408366,47.6578974375563,38.94424164342698,1.2914232331814688,1.0727108392803038,67.80419176997717
2022-09-27,46.16890037819697,0.009903146565956256,42.23615566264864,39.96187813105573,0.2312447399907001,47.67183928667083,39.65848392842176,1.314767630433039,1.1211221975108507,69.83451934771995
2022-09-28,45.96261435719473,-0.004468073081932422,42.3090206440915,39.967752770860294,0.21097726329090058,47.74908084004134,40.147252591219676,1.301618428536706,1.1572214437160218,67.7384132046157
2022-09-29,44.90106839598679,-0.023095856840479545,42.359651039338985,39.962321097468646,0.233875701280575,47.67952769509432,40.62115070305829,1.1918013597348178,1.164137426919781,58.077756668573166
2022-09-30,45.14645828052805,0.005465123510584258,42.41233383791022,39.95848807550748,0.23276794339152837,47.54718723338022,41.18752125827309,1.1117558252838222,1.1536611065925892,59.515121455273736
2022-10-03,44.6936959848763,-0.010028744510552912,42.437249949079586,39.954772774963146,0.2379444810236932,47.35696828578531,41.724378480008404,1.0002547154450525,1.1229798283630819,55.71913108381671
2022-10-04,44.50091474172248,-0.0043133878034846695,42.45956264527986,39.950232051247234,0.21969199579896428,47.28215148190652,42.00480388163846,0.8861188212121505,1.0756076269328956,54.135836109451795
2022-10-05,44.139126315116194,-0.008129909884011632,42.48616263495822,39.945738052688036,0.22213377423718425,47.15184813975773,42.31713461136928,0.7577372766427146,1.0120335568748593,51.195712007725206
2022-10-06,43.941735690966325,-0.004472010223778855,42.507155415564014,39.94251874785027,0.2219920639129051,46.94624725090959,42.70541365005916,0.632772002171599,0.9361812459342073,49.61253750281754
2022-10-07,42.556443372334066,-0.03152566226274611,42.494743531037855,39.93248911940307,0.24439769573948572,46.99213736971356,42.63032020330425,0.41714600955066317,0.8323741986574985,40.21379328875173
2022-10-10,43.30068842935247,0.017488422387812452,42.50692654396007,39.92934562787733,0.2511636909433298,46.977423629718956,42.659213230051066,0.3028244414240362,0.7264642472108062,46.119467504856615
2022-10-11,43.46758028263738,0.003854254039337146,42.5416504474172,39.92509838709324,0.24908178113177565,46.98588221251622,42.639561112987586,0.2231185807159406,0.6257951139118331,47.37482071231243
2022-10-12,44.16245391077973,0.01598602046914288,42.606646552758065,39.92458125719506,0.25393317778295105,46.93301405380146,42.78032206046828,0.21355982165724896,0.5433480554609162,52.35252739839786
2022-10-13,45.41728478257034,0.028413975236197597,42.68883299426577,39.92949560407585,0.2550543577446334,46.986391030613916,42.82080123918499,0.3037375036582901,0.495425945100391,59.75550224775731
2022-10-14,45.44528425114896,0.0006164936700348012,42.780059314368536,39.93505174748707,0.23966294470197277,46.972510797714435,42.82222989758161,0.3731617135040324,0.4709730987811193,59.905196035137664
2022-10-17,44.32615684653044,-0.024625820325686054,42.85027470328153,39.93719191555982,0.25265734770559944,46.845103644515376,42.787644963641924,0.33402622496911505,0.4435837240187185,51.63762476468068
2022-10-18,43.788031862812744,-0.012140122717627766,42.907049129294094,39.93947018076593,0.2513584122954818,46.61877856832347,42.7525454713408,0.25663060163271467,0.4061930995415178,48.19341596172948
2022-10-19,43.067294130604225,-0.01645969689769522,42.94203112304112,39.93879849185614,0.23947338604282506,46.63373475948164,42.53258361337926,0.13557369187238066,0.35206921800769037,43.963832970450184
2022-10-20,42.77858501124663,-0.006703674451477348,42.97485760102319,39.9382720967144,0.23600050524346233,46.59459555571107,42.29601954058458,0.016152608414849112,0.2848858960891221,42.36009044306853
2022-10-21,42.839162626685265,0.001416073379302052,43.00288251707308,39.937280750797825,0.23652042668589102,46.527265837577104,42.104698775662,-0.07276259144896358,0.21335619858150498,42.83132117691285
2022-10-24,41.66752619581147,-0.02734965762715358,43.01749207214831,39.930380011525074,0.24907811607227776,46.517961160050014,41.70913942466013,-0.23506016883134606,0.12367292509893475,36.59906024968439
2022-10-25,41.88034961676069,0.00510765673846536,43.04024929844,39.92854621873028,0.24596018907946923,46.29665649143509,41.50158901713145,-0.3425602751511647,0.030426285048914835,38.35375674453426
2022-10-26,41.016389916367146,-0.020629238014951645,43.057089344666075,39.922130596729474,0.2523236442566858,46.1704867189756,41.13313634550817,-0.4918000465140224,-0.07401898126367265,34.214050247608654
2022-10-27,41.19985984630073,0.004473088204683062,43.06452140638466,39.9205090686068,0.24579885893789435,46.13820524965742,40.79529695985775,-0.5884854564872128,-0.17691227630838072,35.798800669007335
2022-10-28,41.1490968252407,-0.0012321163530509827,43.071002848659816,39.920356164942085,0.2434525099923555,46.00646923441043,40.527296829576,-0.6615792186135891,-0.27384566476942246,35.543673163762406
2022-10-31,40.98110640809511,-0.0040824812719229,43.08228946245439,39.92014853563436,0.2425790122953397,45.91526291932443,40.247244186983885,-0.7247079918055448,-0.36401813017664697,34.66327302054337
2022-11-01,40.951504043210605,-0.0007223417686609279,43.09672055051818,39.92560669753443,0.24289447685002136,45.80716117534365,40.00040486111348,-0.7682705185215895,-0.44486860784563553,34.501100477091256
2022-11-02,40.65539909243637,-0.007230624556836651,43.10748263450093,39.92926897236951,0.24271434589210877,45.73705972100588,39.72213359318327,-0.8172663914404126,-0.519348164564591,32.84574662721664
2022-11-03,40.32037990511593,-0.008240459933961608,43.103393681365816,39.93077374589055,0.24318158840429854,45.682125937186164,39.41493179841793,-0.8730650715882291,-0.5900915459693187,31.031606418766856
2022-11-04,39.39340657533981,-0.022990193345338583,43.09843232289823,39.9280259405937,0.23208540043975986,45.826923313488514,38.953830742416166,-0.9807791171381695,-0.6682290602030889,26.6462053088232
2022-11-07,39.38888516477223,-0.00011477582064223224,43.10457548101147,39.92637883721068,0.218745539925641,45.85141647733493,38.53815725211172,-1.0543541756953587,-0.745454083301543,26.626439729263524
2022-11-08,40.43198364087066,0.026482051262302075,43.13547397308681,39.93092396220663,0.24371122150001392,45.72907455239094,38.35693951287904,-1.0167728852956088,-0.7997178437003563,38.044450442944836
2022-11-09,41.58119729204085,0.028423380395526943,43.161047675017414,39.943839983927155,0.2603333048315138,45.46586774999781,38.362020653398275,-0.8840665359113444,-0.816587582142554,47.700669914973496
2022-11-10,42.37054906074623,0.01898338239665054,43.191306281690935,39.96137933512495,0.2471147554375393,44.920478869161066,38.60273596205261,-0.7070512602758185,-0.794680317769207,53.106853423543065
2022-11-11,42.80413652428092,0.010233227398423805,43.231265865266124,39.98252628816017,0.2514817133431112,44.32716441134042,38.93193564718645,-0.5257183405611627,-0.7408879223275983,55.80906096333766
2022-11-14,42.41338616898211,-0.009128798920570613,43.25498732377631,40.00141381347947,0.2394279195328668,43.949915683126385,39.11790730764566,-0.4088282655315112,-0.674475990968381,52.85317448110616
2022-11-15,43.291769451069605,0.02071004844055291,43.27192613751352,40.02786556561776,0.24933869717580243,43.83618393672739,39.18201281287035,-0.2425182495949656,-0.5880844426936979,58.21128225458617
2022-11-16,43.27074403318878,-0.00048566778737446636,43.29096396939137,40.05352726444674,0.24207905375176184,43.87661799970266,39.161923740153526,-0.11113188013550257,-0.4926939301820588,58.04124621719413
2022-11-17,43.24201067688016,-0.0006640365667522907,43.31350509907799,40.07860523209013,0.2406916421301801,43.96024360112291,39.12464070529661,-0.009219500804292124,-0.3959990443065055,57.79279910993306
2022-11-18,43.078985906424435,-0.0037700552750404848,43.31811528416963,40.10318926686881,0.24117562503129245,44.00151472406358,39.10735191032987,0.05772662098070924,-0.3052539112490626,56.31977435873355
2022-11-21,43.14742666645768,0.001588727278351243,43.31788590626217,40.12922827569791,0.21777190613860117,44.177290532608055,39.07956614885002,0.11497909473537504,-0.22120731005217506,56.81738670351225
2022-11-22,42.898195846888385,-0.005776261502126845,43.30425951069394,40.15249119463238,0.21902625636711948,44.289275779521596,39.06936552494924,0.1386430575719899,-0.14923723652734205,54.38754847084212
2022-11-23,42.860764191264906,-0.0008725694608947565,43.29580427405683,40.17991583314854,0.20347642007584038,44.413014561583395,39.130064170377224,0.15261722051307203,-0.08886634511925923,54.01393382787423
2022-11-24,42.22753229276609,-0.014774162580793782,43.250780455366574,40.202909298096195,0.21201482658348839,44.45754729132673,39.188298685280415,0.11131218566629286,-0.04883063896214881,48.005960452301515
2022-11-25,42.01980860025733,-0.004919153008245969,43.17978062744818,40.224166244881054,0.21300438580861747,44.48291379586879,39.25000335824003,0.061111625222487476,-0.02684218612522155,46.1909182771283
2022-11-28,43.39607203993136,0.03275272985573774,43.12878051388845,40.251496947196394,0.23952333457134048,44.65404002947381,39.32037368781862,0.13087166991746813,0.004700585083316396,57.62293093221851
2022-11-29,43.366819221165585,-0.000674089091262875,43.06807134735689,40.27760370871492,0.2395135187532301,44.795995118755656,39.41995011633229,0.18170200235623213,0.040100868537899556,57.34405799582639
2022-11-30,43.235130323777476,-0.003036627997006436,43.03042693785969,40.30473270866962,0.2375979462412871,44.87867802071581,39.59524033750624,0.20895056157095837,0.07387080714451133,56.02945816508762
2022-12-01,43.57164551738724,0.007783374100868379,42.991147492669455,40.33417322283876,0.23416021118527675,44.94296801685548,39.856076902593706,0.2547624617385935,0.11004913806332778,58.63884239656338
2022-12-02,44.01895392259389,0.010266043430197103,42.963013221976304,40.36410525953395,0.21205543198612947,44.842935676366615,40.41866397780799,0.32343442198056493,0.15272619484677522,61.87735991173693
2022-12-05,43.35090363479989,-0.015176423523574512,42.915707965050295,40.38948969788384,0.2238954960284634,44.44903707511415,41.208764426063226,0.3202596166255418,0.18623287920252857,54.956509164229054
2022-12-06,43.23832804411089,-0.00259684530770965,42.85709651836857,40.4136990491474,0.21008086051173694,44.13871077625174,41.79972516524964,0.3051421622710535,0.2100147358162336,53.8632083075517
2022-12-07,43.81092374756447,0.013242780869543225,42.81406270617595,40.44474226035794,0.1922980419152431,44.10974799490932,42.05166059214441,0.3354977494509086,0.23511133854316862,58.39673802880066
2022-12-08,43.9899374622302,0.004086052047137745,42.795840087500835,40.47520255285134,0.1825758027650713,44.21009965382284,42.113247773379314,0.36973757705005283,0.2620365862445455,59.729043835693325
2022-12-09,44.07832964155707,0.002009372698080325,42.77447751472141,40.50291904284247,0.17993554648748653,44.3353793264154,42.11538741251436,0.3994013471432538,0.28950953842428717,60.40333484453607
2022-12-12,45.06133301568413,0.022301284602225024,42.78183025533756,40.53274903470364,0.1895750388365995,44.67273301358314,42.04282841001681,0.49650683393133477,0.33090899752569675,67.0173707811237
2022-12-13,44.649169148727275,-0.009146730453211238,42.78479534347766,40.559818266235496,0.18227307355887482,44.86087837364117,41.99042301972456,0.5340492648606912,0.3715370509926957,62.31718165108433
2022-12-14,44.714334904714356,0.0014595065760354409,42.79629951526963,40.59138754574975,0.18210759377578656,45.04136930329276,41.95429117722552,0.5625752267232826,0.40974468613881315,62.76186419843473
2022-12-15,44.40327909828413,-0.0069565119797282415,42.80553038341599,40.6187927896403,0.18454637304536428,45.14559093498933,41.966196387669356,0.553699944744011,0.4385357378598527,59.17240136702067
2022-12-16,45.353059365303125,0.021389867737396262,42.861462703275365,40.65128945326972,0.19644321141304097,45.431635377352116,41.90755929119444,0.6162023525880471,0.47406906080549166,65.63515409425338
2022-12-19,44.1437604054864,-0.02666410991320889,42.87832414279805,40.684450536172754,0.22235342786948445,45.475619870313196,41.96320817213622,0.5616809334196375,0.4915914353283209,53.929729639496266
2022-12-20,43.74466253479897,-0.009040867090195248,42.88386578784128,40.71456646184112,0.2240144716259091,45.47488423417659,42.04859047706389,0.48072693232493435,0.48941853472764363,50.71518761035912
2022-12-21,43.43481935074653,-0.007082994040837787,42.86931309664062,40.746976965626985,0.22580688000100274,45.45867516287786,42.12220506431078,0.3871062280975508,0.46895607340162504,48.3077507709019
2022-12-22,43.853343450464486,0.00963568183254715,42.83803426999849,40.784748889999356,0.22008450296720203,45.36898441931814,42.37447692364033,0.3427317443858229,0.44371120759846466,51.64667394121132
2022-12-23,44.240418636606016,0.008826583235979735,42.81393695770764,40.82600845006921,0.21977650963565046,45.206057990728304,42.75946435586504,0.3349374287553175,0.42195645182983527,54.56940569708825
2022-12-26,45.12658495376685,0.02003069465594054,42.829945519852366,40.86840924539408,0.20047113535338665,45.36076143076649,42.77781220721042,0.3957051505989,0.41670619158364824,60.4617089476644
2022-12-27,44.15627649322293,-0.021501925340417838,42.83731041246057,40.90685265094619,0.21714064422266866,45.35738006098217,42.860139304200466,0.3614022047566152,0.40564539421824164,52.44141418920847
2022-12-28,44.6360456035379,0.010865252879476817,42.86868544191924,40.94694690177882,0.2193165793056476,45.37724083351426,42.98037005964442,0.3686803134835799,0.39825237807130937,55.57906598146741
2022-12-29,44.46648733677068,-0.003798684773137273,42.90244348842972,40.98160139734208,0.21889915515268385,45.393005858883754,43.05408921621327,0.35665503478413996,0.38993290941387554,54.217659089755095
2022-12-30,44.06725803772121,-0.008978206351805462,42.927005396650436,41.009966781133784,0.21887860508067036,45.39384042538827,43.05808506122148,0.31132172380161194,0.37421067229142285,51.0470996912439
2023-01-02,44.414723198721596,0.00788488271049137,42.98194933670865,41.040289545123805,0.2126878261160379,45.3738320731437,43.18447536985822,0.29997436509109576,0.3593634108513575,53.590837836619414
2023-01-03,43.85940003862987,-0.012503132297078223,43.02153034514603,41.06842562477937,0.21793611468048416,45.311849324385825,43.308565318068,0.2433661896257675,0.33616396660623954,49.19135187007386
2023-01-04,42.61525457329772,-0.028366677707318155,43.053507638284636,41.0936294241188,0.235755599286123,45.49162119013144,43.00922653489572,0.09699357982302104,0.28832988924959585,41.058786584508326
2023-01-05,42.407669016247304,-0.00487115609489952,43.077663821683565,41.119557194014796,0.23519613807745604,45.659539689380956,42.6830811910479,-0.035350686879141335,0.2235937740238484,39.87426720244873
2023-01-06,41.54014989886032,-0.020456656484812208,43.08548488315596,41.13997959512394,0.24382581125627192,45.942470691515204,42.146332214643984,-0.2078401623276136,0.137306986753556,35.29201377614493
2023-01-09,41.17682530454704,-0.008746347694890022,43.089399261085,41.15748842440908,0.2255745169038473,46.076669208988505,41.62368292605697,-0.369596098908211,0.03592636962120256,33.55294232094835
2023-01-10,41.403994934638874,0.00551692920499991,43.09844907891356,41.175785542786095,0.22748015471442612,46.131637343568364,41.24419737006827,-0.47399424284400027,-0.06605775287183804,35.68687519950382
2023-01-11,41.59772043874294,0.004678908506531521,43.1172955058397,41.19234709551687,0.2287262300038542,46.094799871354596,40.9693733956849,-0.5349321302971433,-0.15983262835689913,37.52935280311861
2023-01-12,42.544983901161224,0.022772004148958747,43.16178758576061,41.21564692536943,0.24643674849012823,46.00363974105161,40.874704006275586,-0.5010142202706902,-0.22806894673965736,45.71824504397207
2023-01-13,42.43895941378858,-0.0024920561168609856,43.22269864252958,41.2385084951746,0.23040612088150036,45.727921924217426,40.85901182795831,-0.4771885892395673,-0.2778928752396394,45.00711277964564
2023-01-16,41.550109313189544,-0.02094420110381512,43.26592312549793,41.254920185679545,0.22347543163007233,45.68239543698162,40.64517320596444,-0.5239891588300267,-0.3271121319577169,39.46494843764872
2023-01-17,41.12494189463475,-0.010232642599085295,43.2797822905732,41.26757696417673,0.22394730264857632,45.692733840688845,40.3728627382408,-0.5886013745610583,-0.3794099804783852,37.11089759494636
2023-01-18,40.611180766931824,-0.012492689449123628,43.26038196007103,41.274691150531744,0.2260724060392171,45.75376259760188,40.02947012294629,-0.6734995665937547,-0.4382278977014591,34.437738131928185
2023-01-19,39.93662668374289,-0.01661005837432339,43.21170351253096,41.27728131502286,0.22541299327676173,45.806084166926986,39.58547687694902,-0.786150617510863,-0.5078124416633398,31.25445308626827
2023-01-20,40.19284543593264,0.006415633303702428,43.159477690764,41.28194558070744,0.2236681380719455,45.705585291414145,39.28121843239452,-0.8450119037525923,-0.5752523340811904,33.759096904542034
2023-01-23,39.843359454705265,-0.008695228651687592,43.10807715647846,41.28380531377762,0.20392779406769984,45.39831912839945,39.06016204550308,-0.909377754395976,-0.6420774181441475,32.04413871213306
2023-01-24,38.767122663564265,-0.02701169795595393,43.01758422072835,41.28297629081815,0.21027610403270044,45.34784781407404,38.5717179768626,-1.03529720756206,-0.7207213760277301,27.42398852485502
2023-01-25,39.15896755908944,0.010107660011957842,42.93534869124636,41.288466550115665,0.20946656164280875,45.048491886757674,38.323366099734116,-1.0908955087464491,-0.7947562025714741,31.307358344641244
2023-01-26,39.10965942786287,-0.0012591785304901792,42.85270166626602,41.2920993343338,0.21008452290622479,44.70052310790251,38.1356520876985,-1.1259569858549057,-0.8609963592281605,31.081979392762946
2023-01-27,39.317322685787374,0.005309769017741939,42.77746840185328,41.29686099080998,0.21377106851792424,44.341048277900036,38.02013338250759,-1.124029655483163,-0.9136030184791611,33.26105389206681
2023-01-30,39.38737384641695,0.0017816869472371266,42.702267345452455,41.3010850579769,0.20972434504786283,43.79233306220434,38.06611366297283,-1.1041220572729316,-0.9517068262379152,34.01893133913346
2023-01-31,39.74915052662452,0.0091850927055519,42.63928643904718,41.31158785843556,0.21474424251425492,43.274234691393524,38.173187082583105,-1.047082670427585,-0.9707819950758493,37.93861501121945
2023-02-01,39.782246022512915,0.0008326088847163682,42.57771607567214,41.323159709915714,0.1965201866709661,43.00157268373001,38.16254823516814,-0.9878210295470851,-0.9741898019700965,38.29971861782155
2023-02-02,40.48888806493742,0.01776274879061912,42.542943191115576,41.3397757197341,0.2101621835299261,42.74785971131763,38.22438311244953,-0.8737634439396444,-0.9541045303640061,45.58053227127972
2023-02-03,40.74272624744618,0.006269329552879954,42.51740154405935,41.359840620076504,0.20061310802203328,42.65729958285934,38.23520087576641,-0.7541954697856568,-0.9141227182483362,47.95629538235977
2023-02-06,40.979267721640454,0.005805735059496664,42.469065457693524,41.38674210256054,0.19970523096931625,42.635411741633135,38.23733295870197,-0.6330526320394156,-0.857908701006552,50.14068539453467
2023-02-07,41.22745468743238,0.00605640314213951,42.42627816701887,41.41566389073903,0.1999178728630722,42.611596963387115,38.24349371222732,-0.5111274868811577,-0.7885524581814732,52.398255281987566
2023-02-08,40.40734122455252,-0.019892410751466083,42.36972238503437,41.43819099783336,0.21079563697533157,42.48154852823262,38.254504225962776,-0.47519943017059063,-0.7258818525792968,45.126976565465405
2023-02-09,40.32640968186314,-0.002002892054679406,42.304817668323885,41.45929924154007,0.19053889429439136,42.105830931187825,38.40836440107776,-0.44809136714840747,-0.6703237554931191,44.471132317375755
2023-02-10,40.192328760391746,-0.0033248911204633025,42.22828516507984,41.48119579041362,0.19055526116975924,41.68208619505364,38.60744607187226,-0.4324423158706452,-0.6227474675686243,43.3471515216514
2023-02-13,40.32137819713629,0.003210797700075485,42.16769465632657,41.50372115893077,0.17871520031541974,41.47553645705091,38.69112269826968,-0.4049590036378419,-0.5791897747824678,44.793408438174254
2023-02-14,39.57351519713702,-0.018547555501274626,42.09439839938709,41.52054541556367,0.18641291064495027,41.32454941337248,38.68696707219833,-0.4384701635278887,-0.551045852531552,38.63760781390729
2023-02-15,40.501446650171815,0.023448294861153185,42.02820885743924,41.54882017114889,0.20219806231907397,41.30933441637014,38.691208657524676,-0.3857055129030371,-0.5179777846058491,48.15755321217145
2023-02-16,40.572850439267505,0.0017629935471794589,41.959867116979986,41.57770327085279,0.19253678837691418,41.3653315153834,38.698833934063856,-0.33427415373459013,-0.4812370584315973,48.81560458488941
2023-02-17,39.902568248751386,-0.016520460930381176,41.87635188912387,41.60185422299631,0.20079635577614177,41.34976846416279,38.685369266566354,-0.34363934162117715,-0.4537175150695133,43.26395968903096
2023-02-20,38.97094121949221,-0.023347545537706793,41.754544053200036,41.619611225647276,0.2151573465408287,41.384965857471585,38.56293004973625,-0.4213784473806754,-0.4472497015317458,36.970525268943774
2023-02-21,38.82942165534526,-0.003631412527346667,41.63814910333239,41.63233887548661,0.19250878725747933,41.37709552329597,38.57703028308996,-0.4887724305443655,-0.45555424733426975,36.11119058933881
2023-02-22,38.79233957791654,-0.0009549994784331384,41.51970919679644,41.64191991067871,0.18889060320649242,41.412438374898315,38.505024633370326,-0.5389620425553048,-0.47223580637847673,35.87587996433027
2023-02-23,38.41571821565001,-0.009708652954794506,41.39995797914376,41.648753678483246,0.19175808691386861,41.49172743921013,38.35634144783723,-0.602186239923526,-0.49822589308748666,33.48901586631371
2023-02-24,38.47683215541165,0.0015908576645260464,41.262433434945926,41.6550523880488,0.19063108435865825,41.55940547971825,38.20461435429155,-0.6399831601606891,-0.5265773465021273,34.25341179616322
2023-02-27,38.14443353880888,-0.008638928882195307,41.14244689761237,41.657571169796654,0.1921885001260343,41.65874855949473,37.980977243754246,-0.6888190054297851,-0.5590256782876589,32.09298891947016
2023-02-28,38.45170555663166,0.008055487768881209,41.03658775804902,41.662985959875186,0.1913932084135666,41.6932380060918,37.816743300157896,-0.6947191904105452,-0.5861643807122362,36.10489717653194
2023-03-01,38.0750597210256,-0.009795295947310656,40.929392565454606,41.66656658562063,0.1933182341752156,41.74811834517145,37.59114433092951,-0.7214706362938372,-0.6132256318285565,33.49283713065171
2023-03-02,38.0659607491447,-0.0002389745924910036,40.81364491142821,41.66765992759397,0.17877546231622207,41.70682561502338,37.39014432949833,-0.7349337026339953,-0.6375672459896443,33.429916050996965
2023-03-03,38.60277683314324,0.014102260219731821,40.70089207535896,41.66612140182912,0.1861824506542925,41.562398207361106,37.3205767957303,-0.6942834407566423,-0.6489104849430439,40.528489461370945
2023-03-06,40.02993610905071,0.036970378635615475,40.59895909846464,41.67209374644052,0.23210763770898082,41.4099150173163,37.37812682451612,-0.5406754193757024,-0.6272634718295756,54.43835612139181
2023-03-07,39.4810406143055,-0.013712125176765011,40.505454380886285,41.675394922972124,0.2346503985955456,41.13033353293112,37.483066901588614,-0.4579522464287109,-0.5934012267494028,49.630367881183254
2023-03-08,39.236893443178545,-0.0061839092214426294,40.3974713376791,41.67687685031735,0.2257070648425272,40.9966657578608,37.49968989852155,-0.4073979422846037,-0.556200569856443,47.61591442605283
2023-03-09,38.78989457774452,-0.011392310303091513,40.283939482498575,41.672368260053084,0.2284979500603571,40.85415320675063,37.48855093921984,-0.3988051867956699,-0.5247214932442883,44.08761257825123
2023-03-10,39.22994507657106,0.01134446235589981,40.18719322327557,41.670084606202025,0.2331222620785015,40.73672038266433,37.50974539492408,-0.35242443900711606,-0.49026208239685387,48.16008945193125
2023-03-13,38.616010486014765,-0.01564964185797324,40.07121896902144,41.660546250065934,0.23804760206251618,40.562651351198475,37.51327765527778,-0.36104485250481844,-0.4644186364184469,43.40957747161081
2023-03-14,38.36654942621524,-0.006460042263813692,39.961361956773146,41.65242421573955,0.23069166912336678,40.508582732043266,37.44664969734082,-0.3835842940325591,-0.44825176794126936,41.61339035789032
2023-03-15,38.362159854821044,-0.00011441141983936642,39.87630006240361,41.64474050042967,0.21131308130288226,40.24417808620573,37.49712566364327,-0.3972222348959136,-0.43804586133219825,41.580786967843025
2023-03-16,37.85147897465471,-0.01331209926914878,39.78517626157176,41.634996382257576,0.2139194451984286,39.92508677925344,37.54407982413428,-0.444118558093912,-0.439260400684541,37.86399496867957
2023-03-17,37.35876302320821,-0.013017085852217836,39.701548524058715,41.620524983953416,0.2114119204503894,39.81589915335135,37.39888692748205,-0.5151044876881343,-0.4544292180852597,34.64616948850643
2023-03-20,37.12196276460074,-0.006338546553598889,39.62045127325979,41.601841406461936,0.1981213884292637,39.879203170724765,37.150685064619495,-0.5837401570005838,-0.4802914058683246,33.18645747818216
2023-03-21,36.05705768108336,-0.028686658899751638,39.51351252818868,41.58204516509571,0.21911357931727585,40.11739169306644,36.63526014485164,-0.7158119255800983,-0.5273955098106794,27.562479076807065
2023-03-22,35.34531756547012,-0.019739273290361625,39.38846447072322,41.561177977172676,0.22613097761852555,40.39575702410182,36.0121926125716,-0.8679065463613327,-0.5954977171208101,24.565992779797966
2023-03-23,35.15206789427373,-0.005467475878196182,39.24060615058548,41.5383509335653,0.22534656648687676,40.618236928820714,35.46334767571508,-0.9925942538339712,-0.6749170244634424,23.809125947637682
2023-03-24,35.23566133962303,0.002378051999692321,39.096540189102164,41.51770571641218,0.2256382182380154,40.73341296237682,35.024054560580126,-1.0723040147167566,-0.7543944225141053,24.887172241716314
2023-03-27,35.15468995335955,-0.002297995359957228,38.96863180190556,41.50074853505096,0.22514113564922278,40.82802591154604,34.63046725286596,-1.128993949187624,-0.8293143278488091,24.525187040352634
2023-03-28,34.30264532810664,-0.02423701151633917,38.832185870574996,41.476649930978695,0.23134430552994042,40.95446852810603,34.08911861345347,-1.228512483916461,-0.9091539590623396,21.05477310742843
2023-03-29,34.090865223089004,-0.006173870935957004,38.701779559698146,41.45007586884049,0.23082826664219416,41.068232495399556,33.57693519636628,-1.3093768430482484,-0.9891985358595214,20.286384181104125
2023-03-30,34.484418810765675,0.011544253426871931,38.5927354022386,41.42404496093959,0.23800803433662368,41.07725138226626,33.20976211566168,-1.3264158485585114,-1.0566419983993196,25.71204143873352
2023-03-31,34.76425523619386,0.008114865643054525,38.484163598243825,41.40067064963341,0.23258090771359435,40.95940994560681,32.94375139262618,-1.302326512971895,-1.1057789013138348,29.392127897422327
2023-04-03,34.736369152530386,-0.000802148168399186,38.38202379220033,41.374235693727826,0.1729058985779518,40.53473427304768,32.83907036953328,-1.270836305007137,-1.1387903820524954,29.23669752865196
2023-04-04,34.31779630064506,-0.012049988588252902,38.293037264941944,41.34631918329096,0.17215042027057548,40.178830656290124,32.67864955492481,-1.2650724515668372,-1.1640467959553638,26.934307590767943
2023-04-05,34.632795896061104,0.009178899270118057,38.20251383168138,41.316830831211256,0.1814177713885152,39.78446990439189,32.612600552111296,-1.2210116590483224,-1.1754397685739555,31.317782211641216
2023-04-06,34.36353886861256,-0.007774625769650045,38.10759142049637,41.288506239024464,0.1804857169624151,39.433785340544915,32.520649545045075,-1.1940556254009564,-1.1791629399393557,29.678732677960127
2023-04-07,33.81574789458754,-0.015941052407887124,37.99755992467237,41.259762382356,0.17151690519263263,38.930704905033224,32.48231026235841,-1.2030271795835006,-1.1839357878681847,26.625680013691422
2023-04-10,33.448134015676025,-0.01087108527238434,37.878775128057555,41.228553299365416,0.16927122014483625,38.51501950123081,32.381208019126944,-1.2256717872512652,-1.192282987744801,24.78317926601936
2023-04-11,34.14352061132836,0.02078999669537418,37.76666252975163,41.20270391327761,0.19614811161062792,38.02683401408965,32.44709062477943,-1.1739730843491714,-1.188621007065675,34.07641361901868
2023-04-12,34.25920731695415,0.003388247713020043,37.65620175564045,41.17550580559019,0.19786721508594673,37.42999420289003,32.63363518219235,-1.1108612228306711,-1.1730690502186742,35.50407758217386
2023-04-13,34.830199566647366,0.016666826071327412,37.543027985674655,41.15037880472906,0.2105121360688058,36.8782356729001,32.88326577138155,-1.0032059812343164,-1.1390964364218028,42.16187834576125
2023-04-14,34.60762749875551,-0.006390203635381564,37.42032601070084,41.12663834373736,0.20807534911897652,36.36591797846916,33.12046991336721,-0.9251831964395478,-1.0963137884253518,40.410739953106926
2023-04-17,35.07568644093747,0.013524733592292115,37.30225438508678,41.10497823486563,0.21655277323891609,35.83300392536479,33.448756334105255,-0.8161728004697082,-1.040285590834223,45.53393713457242
2023-04-18,34.791988329099105,-0.008088169915535959,37.173545057920116,41.082807439595044,0.19510302863517184,35.57105355847022,33.58419976580141,-0.7440958689537283,-0.981047646458124,43.114380400908956
2023-04-19,34.725807992109445,-0.0019021717403344685,37.05991439327126,41.057715223082106,0.18315171471673958,35.475847726059314,33.61745464087625,-0.6844249566830669,-0.9217231085031127,42.546416406550414
2023-04-20,35.96664784619223,0.03573249769637421,36.97271915655784,41.04052016102229,0.22327933122131582,35.684540498826756,33.490219863300645,-0.5308901515107536,-0.8435565171046409,54.61776911678798
2023-04-21,36.365922503240625,0.011101247432228067,36.896191031414816,41.026470414138814,0.22599977810342137,35.9734704130292,33.314316065459955,-0.37269834972789084,-0.7493848836292909,57.69771667311722
2023-04-24,36.122493354629135,-0.006693880750303971,36.812213334564674,41.007793832960346,0.22755820038435307,36.16308314070177,33.22148367791435,-0.2639304787077279,-0.6522940026449784,55.236395273379216
2023-04-25,36.09045007097952,-0.0008870728644070347,36.74255203204152,40.98255065311146,0.20673326943104156,36.365718181739176,33.19762911116424,-0.1782618903795523,-0.5574875801918932,54.90437411268455
2023-04-26,36.2665350736779,0.0048789915989428945,36.657853800511646,40.952286502054584,0.20420248940307245,36.57065802870981,33.21025624925249,-0.09506448460371786,-0.4650029610742581,56.45342083288501
2023-04-27,36.897427143870964,0.01739598417415289,36.58434533460371,40.92492589460588,0.20839643727386312,36.90189059629658,33.12032451497625,0.02152959657056641,-0.3676964495452932,61.54963787366483
2023-04-28,36.65661709145845,-0.00652647273950957,36.519426311457856,40.89564738830334,0.21053645643810098,37.1292323129918,33.08221898380749,0.09342296542839534,-0.27547256655055546,58.72463791428929
2023-05-01,35.78452341349151,-0.02379089362750142,36.45569795533784,40.85733055323876,0.23052632438584006,37.195606622231686,33.12066010066372,0.07911630329481767,-0.20455479258148082,49.808624700613734
2023-05-02,35.65539642110224,-0.003608459190505564,36.39221745065298,40.81868113568572,0.22580213400387936,37.23395692805013,33.21606980689099,0.05670504093922801,-0.15230282587733907,48.63127734308085
2023-05-03,35.67377782051534,0.0005155292398382194,36.32984621550495,40.78300439063231,0.22424234009800462,37.27531398482466,33.278810942561876,0.039966470774047025,-0.11384896654706185,48.81674755262057
2023-05-04,35.73924681949213,0.0018352135090986543,36.2763167875818,40.74724014142639,0.22150535679650252,37.30604408260542,33.38565163986909,0.031619346252192315,-0.08475530398721101,49.51589991112933
2023-05-05,36.4150844779775,0.018910237865358948,36.23508183403312,40.713430375823066,0.21847296747171743,37.35172779162115,33.59990158919235,0.07863221750311311,-0.052077799689146186,56.17156261489959
2023-05-08,36.58786824088251,0.004744840369915959,36.203950528074586,40.68291202811127,0.2114856535046491,37.30912350084505,33.9564793024891,0.12835289011088946,-0.015991661729139052,57.70672126441604
2023-05-09,37.01775099553713,0.011749324990032672,36.1752714368527,40.65934385754005,0.20461813018493472,37.4074527884919,34.145573053263114,0.20013776343574108,0.02723422330383699,61.33535460750724
2023-05-10,36.462413486446124,-0.015001924594445382,36.143018512161106,40.6370926817536,0.21561692661533224,37.37772516920157,34.39562128950266,0.20979827299711928,0.06374703324249346,54.7949591529576
2023-05-11,36.91923110183353,0.012528452499646514,36.120083919214885,40.61514902372684,0.21267117530464577,37.46312358951308,34.51912602270975,0.25141747604052966,0.10128112180210071,58.69661772482936
2023-05-12,38.03016501480824,0.030090927676972523,36.108631682848184,40.60088000757083,0.23002106102865713,37.748384948225684,34.57611841560243,0.36978146605782314,0.15498119065324523,66.31165649003319
2023-05-15,38.45544856306376,0.011182795238724896,36.07714193192844,40.58908031338174,0.22899425682988098,38.135161091040935,34.5273184849998,0.49222850520790473,0.22243065356417716,68.6913747425375
2023-05-16,38.60377891930477,0.0038572000011327656,36.05959669802843,40.577352655167346,0.22401226913036787,38.442672279129155,34.60098635593215,0.5943859744961912,0.29682171775058,69.50060706382031
2023-05-17,38.69869992416034,0.0024588526696824875,36.04883282764806,40.56425518257188,0.22268210372647887,38.68058446505862,34.760363363207766,0.6752222944171322,0.3725018330838905,70.03437143922996
2023-05-18,39.691060941052626,0.025643264989187342,36.066856154914234,40.55702418171642,0.20684562454456634,39.23782166988478,34.57556746786764,0.8100234547407013,0.46000615741525275,74.96685698927404
2023-05-19,39.19093446329532,-0.01260048146609305,36.066075942648716,40.54578926991195,0.21456826858363556,39.57520756154446,34.52068277221345,0.8665097336376064,0.5413068726597235,68.81871583768825
2023-05-22,39.14176374215566,-0.0012546452850138445,36.07659100777153,40.53681284641248,0.21188040490960017,39.85103108322069,34.54678628928987,0.8969681597635031,0.6124391300804795,68.22628499021805
2023-05-23,39.40658481599442,0.0067656908764575086,36.09739171556711,40.53013332898158,0.21122881797299048,40.13697058188451,34.59246026512753,0.9317350674929941,0.6762983175629824,69.73730212599082
2023-05-24,39.831137081676964,0.010773637646219525,36.126771260104235,40.52841707636464,0.21240632708394813,40.471841848870845,34.61404919894111,0.9822234515236161,0.7374833443551092,72.0334682657265
2023-05-25,39.59989055439239,-0.005805672251093075,36.16173949169899,40.52227524533474,0.21008760568105844,40.72840857011403,34.62772881875006,0.9921394316898855,0.7884145618220646,68.96411028130504
2023-05-26,39.78256909838869,0.004613107294965557,36.21021561320259,40.517062967269275,0.20664254485417627,40.98309045485349,34.685642134703635,1.003174577133926,0.8313665648844369,70.04981019325679
2023-05-29,39.639970024406814,-0.003584461165120012,36.260575758398716,40.51317893879948,0.18125416389457438,41.11902371831211,34.935253532336546,0.9890127327381535,0.8628957984551803,68.0486629444756
2023-05-30,39.718796897361926,0.001988570448125504,36.333810542724294,40.51062317508618,0.17872155565371703,41.197491053147836,35.26312624512679,0.972934653829185,0.8849035695299813,68.58295618231138
2023-05-31,39.657308940913246,-0.0015480820480935353,36.420050370233156,40.50832324532425,0.17962819331043992,41.20254614682077,35.65642426349364,0.9443452717897429,0.8967919099819337,67.63290041693837
2023-06-01,39.040241835006015,-0.015559984335463128,36.497813849047795,40.50090031668992,0.19418751386877162,41.07042632626188,36.11864358560392,0.8619596874210629,0.8898254654697595,58.82589152988171
2023-06-02,39.040413995421645,4.4098193949793085e-06,36.573908902163765,40.49789501417344,0.18704127298848325,40.98397334485274,36.46762951875746,0.7876034083343626,0.8693810540426803,58.827502410012436
2023-06-05,39.53464939195273,0.012659583901672988,36.661508090935634,40.50015962483765,0.18980020068022507,40.918477552474435,36.8278034262428,0.7597977123819106,0.8474643857105263,63.270164030453124
2023-06-06,39.01472859458479,-0.013151015763751106,36.755749756265196,40.50079797262505,0.19668143783071376,40.822561076464645,37.12341766215736,0.6878787962487038,0.8155472678181618,56.37830952502019
2023-06-07,38.8949315046151,-0.003070560639150899,36.85183108189572,40.49376006917058,0.18674518962673714,40.520436783794366,37.66879375664453,0.6141365294658527,0.7752651201477001,54.89456127247824
2023-06-08,39.27039266019964,0.009653215497756662,36.9475505588844,40.48582393883622,0.18513251707064593,40.20464994977723,38.21969674649829,0.5793138595889928,0.7360748680359588,58.57433478652656
2023-06-09,38.69818717951419,-0.014570913146620401,37.0262291977508,40.475284088006184,0.16582102626255574,40.106849151065376,38.38429976168072,0.4997832524274983,0.6888165449142668,51.65764265084437
2023-06-12,38.80890353116187,0.0028610216580451375,37.107679885323435,40.463192039444635,0.16156830635788874,40.06897120383009,38.45752320572582,0.44060948566684743,0.639175133064783,52.818574106560135
2023-06-13,38.24863507383762,-0.01443659589285684,37.18629666078729,40.44221107099277,0.16939643829912823,40.12471108185351,38.36626894315568,0.34453330160154394,0.5802467667721353,46.70604503380643
2023-06-14,38.87271934078238,0.016316510791561267,37.271095129681704,40.42498040550021,0.17935619221764376,40.11385498830693,38.394526978364475,0.31511813251347576,0.5272210399204034,53.20266065275935
2023-06-15,40.16404537058657,0.033219338695696266,37.387105259721196,40.41522586139039,0.19490513235929086,40.21098986724546,38.34469054237934,0.391492733098211,0.5000753785559648,63.199094215106975
2023-06-16,41.3297994303578,0.02902481682348035,37.5373862904366,40.407632475282966,0.21254132050462987,40.69147846267336,38.07808844365769,0.5398635533318412,0.5080330135111402,69.52742040563454
2023-06-19,41.21553490720275,-0.002764700645295659,37.692734308267134,40.39791567200983,0.21298533010858997,41.02319038034738,37.95375364248837,0.6408410880970266,0.5345946284283175,68.28787313507405
2023-06-20,41.657358760988245,0.010719837915006192,37.84301107126033,40.38830488768827,0.21445141978547191,41.41510913887468,37.78691227846046,0.7478967166270323,0.5772550460680604,70.47943659060458
2023-06-21,41.740505077619176,0.0019959574755563647,37.99263702647363,40.38058978296076,0.21241294318416018,41.74711295110706,37.645845265822295,0.8298819241623931,0.627780421686927,70.88718420697616
2023-06-22,41.81275701379092,0.0017309789624584404,38.1322881754165,40.367259951893324,0.21021140841827074,42.06421347589827,37.55003138697094,0.8904216922204711,0.680308675793636,71.25868908445412
2023-06-23,42.741488816080256,0.02221168534720186,38.294965401762994,40.353118395992844,0.22121308257096242,42.56560689121897,37.344529943419396,1.001792746098502,0.7446054898546093,75.57354468807367
2023-06-26,41.97195131996098,-0.018004461646870862,38.43289069934347,40.333247764003055,0.23310053021081814,42.8272341215126,37.31610084268118,1.016245221713099,0.7989334362263073,66.6455304370323
2023-06-27,42.60943441250178,0.015188312015353533,38.58923962101152,40.31428354832685,0.23704359216797458,43.18854221285729,37.24385650285047,1.0668405963521437,0.8525148682514746,69.82567070373005
2023-06-28,42.593004658863606,-0.0003855895734056203,38.7465835543466,40.30166181762798,0.2367429057775104,43.50426561876044,37.22170266874237,1.0930124839261026,0.9006143913864002,69.64137862820661
2023-06-29,43.45429076389663,0.020221304224279146,38.89633641270069,40.29125518256296,0.23219701899154044,43.946131571767076,37.2212416086248,1.1697681252026229,0.9544451381496447,73.57827344498178
2023-06-30,43.58141795250023,0.0029255382234709693,39.040646321685884,40.28203393503921,0.2315153790295734,44.34336185578904,37.27811172031069,1.2267148207329157,1.008899074666299,74.1119122744392
2023-07-03,43.185874293623506,-0.009075970389670007,39.18191394046577,40.269382474101825,0.23556668801511033,44.624265610213,37.3623304560538,1.2257981812438885,1.0522788959818168,69.41431341174723
2023-07-04,43.36676754890119,0.004188713514233333,39.32744029002421,40.25537180995534,0.22615771874400217,44.864168300088295,37.557631661610145,1.2255410375496396,1.0869313242953813,70.34022267012574
2023-07-05,43.82905538643449,0.01065995608300807,39.47869069627934,40.24470401510154,0.2245852761457622,45.1187536375612,37.79645871231919,1.2482509543155018,1.1191952502994054,72.62128925677919
2023-07-06,43.86416298910139,0.0008010120765176154,39.61802541318394,40.23951948806712,0.22491727110096627,45.347075529761796,38.027513853008756,1.2546191485263876,1.146280029944802,72.79242209314836
2023-07-07,44.178144114831,0.00715803298942741,39.7684559536514,40.234677917238635,0.21186485214856593,45.497259634646355,38.425325441655886,1.2703577477694523,1.1710955735097321,74.33735231099826
2023-07-10,43.86982549038262,-0.006978985437844032,39.930161995189216,40.23055856476616,0.21706224706960123,45.51709173761652,38.91158553460779,1.2436163298669172,1.1855997247811692,70.12638985832234
2023-07-11,42.5914003286746,-0.029141332280619103,40.06888207334066,40.221010992700926,0.24063255795504224,45.15703762371656,39.70591617399144,1.1065101766746537,1.169781815159866,55.96902941079327
2023-07-12,43.14440274317196,0.012983898398030602,40.21829457179379,40.2160373748412,0.2389305660691019,44.8077776820949,40.482344455852065,1.0305951760232333,1.1419444873325395,59.753979466664504
2023-07-13,43.581856531890296,0.010139294112434305,40.37514676604176,40.214237979045826,0.21616530419349025,44.67155226142951,40.96035099264783,0.9942695355698987,1.1124094969800113,62.5001132360282
2023-07-14,43.68546449598066,0.0023773187361706416,40.52055436640182,40.219883084664055,0.19522473197555115,44.68845192307577,41.17901783756387,0.9627435917738438,1.0824763159387778,63.141590075872244
2023-07-17,43.740444364099886,0.001258539167513728,40.663605888866165,40.222081864337795,0.1942104459679946,44.649764329286185,41.47019637704315,0.9314581997405824,1.0522726926991388,63.498417280732966
2023-07-18,44.39297850635983,0.014918324487702694,40.811110439082626,40.22670885545641,0.19696227684071593,44.74870871861051,41.64481396225599,0.9483859500971903,1.031495344178749,67.51773137050554
2023-07-19,44.12302791133397,-0.006080930005342822,40.96432272758038,40.226511725459176,0.19971639989805792,44.759131989377195,41.87264297486078,0.9293060950742742,1.011057494357854,64.36036845517356
2023-07-20,43.70184601485116,-0.009545625411954695,41.099975025840735,40.21793453162058,0.2045117079849456,44.67568272530976,42.14500113903424,0.8701685520169562,0.9828797058896745,59.671743650449876
2023-07-21,43.599716408392474,-0.002336963212583143,41.21136605371242,40.2087066924068,0.1909087927846839,44.68073127853385,42.22577534504138,0.8057721772885387,0.9474582001694475,58.557761903999996
2023-07-24,44.34491325019956,0.017091781855343546,41.329155347455135,40.208800474425146,0.18497128268434535,44.64561505170691,42.498187764892165,0.8055824901407647,0.9190830581637109,63.85938570119749
2023-07-25,43.50511102060327,-0.018937960817693278,41.427181989481106,40.2073858702141,0.19414044565513838,44.59153703329855,42.64183344411069,0.7292606771638503,0.8811185819637388,55.27712242313985
2023-07-26,44.250383842176355,0.017130695775494864,41.53821566784142,40.21330131877196,0.20214003993186863,44.5857527979705,42.81335559777001,0.7206056849323375,0.8490160025574585,60.367515702061105
2023-07-27,43.86928890284138,-0.008612240307206975,41.621780227077195,40.218754838229934,0.19336512055907526,44.601743997344286,42.83886421229069,0.6752119416138953,0.8142551903687457,56.806898717966924
2023-07-28,43.21138909060776,-0.01499681961316246,41.70218931962345,40.220615970549545,0.20076387840454232,44.61062566111967,42.79297966232606,0.5794702837176828,0.7672982090385332,51.1932419800352
2023-07-31,43.993634920967374,0.01810276982115444,41.79922674319968,40.23224651417533,0.2081406282659328,44.62592279527778,42.85845859090234,0.5602567401101126,0.7258899152528492,56.67535475970062
2023-08-01,43.947181889269075,-0.0010559034683482738,41.89003868466518,40.242580675537866,0.20791039007341663,44.641045193149694,42.90137762706722,0.535113046833537,0.6877345415689868,56.271142734781876
2023-08-02,43.16738443358175,-0.01774396951440771,41.95676363170327,40.25333564812394,0.2142966887506301,44.64810438241288,42.82815134251875,0.4471093528231691,0.6396095038198233,49.84449341353869
2023-08-03,42.96401725329902,-0.004711130473879832,42.024046165681405,40.26215643515893,0.21468654822805786,44.663863241164975,42.722377910186424,0.35684230350106816,0.5830560637560723,48.29536279646027
2023-08-04,43.54076785807143,0.013424038105471325,42.09921014087506,40.27411479032308,0.21893500900429425,44.60646378302418,42.71603974265126,0.32806227260660137,0.5320573055261781,52.77775030416736
2023-08-07,44.286802913547305,0.01713417314797261,42.192146798657866,40.290643272850346,0.22627726324783246,44.66435262315783,42.699848644834084,0.3612879819140673,0.497903440803756,57.8660004115418
2023-08-08,44.03599415578496,-0.005663284347979469,42.27849074382633,40.30606572341322,0.19910553566122247,44.602133804439276,42.906526846263674,0.36319474235439486,0.4709617011138838,55.69333356999646
2023-08-09,44.30049448245786,0.006006457484238448,42.37135445465722,40.32429120036332,0.19538694624704075,44.64230512143275,42.98196470319879,0.38164941272052033,0.4530992434352111,57.50538999697638
2023-08-10,44.759021580853535,0.010350383302769828,42.48573004957418,40.346484408742015,0.19551364035974472,44.79413398078145,42.94785234874641,0.4283365792586409,0.4481467105998971,60.51982025666854
2023-08-11,44.37020799248084,-0.00868682054790526,42.592325929515354,40.37136841582772,0.19870276755584776,44.84993842192079,42.96052225725709,0.42901704651368533,0.4443207777826547,56.83793066301859
2023-08-14,44.604678744755574,0.005284418597146567,42.69372651657142,40.39744738372764,0.19932484164877315,44.9393456403614,42.95753847688204,0.4433653125329755,0.4441296847327189,58.47844004805242
2023-08-15,44.598153967593944,-0.0001462801065997832,42.8053950240316,40.41827823536125,0.19248218709853662,44.97295556219607,42.94444610117079,0.4490337402954978,0.44511049584527473,58.41190667609482
2023-08-16,44.27800822949276,-0.007178452685144943,42.91305655852915,40.43176229004851,0.1930034951595196,44.988330261594264,42.94456943358848,0.4228189311977175,0.44065218291576325,55.099395777373616
2023-08-17,43.987172374342485,-0.0065684041983749,43.00739215281201,40.439845406616485,0.19128195211945787,44.99498091723022,42.96645141390165,0.374261232705166,0.42737399287364375,52.20313651335162
2023-08-18,44.04168347694205,0.0012392499826008319,43.11426207876056,40.44603314137979,0.191025731719815,45.0012629088603,43.00436612912654,0.33630083058697124,0.40915936041630924,52.704933607858
2023-08-21,44.07331450488241,0.0007182066043620594,43.21955029823497,40.4543327830593,0.18081554120879129,44.97540437083741,43.00306479261771,0.305250559582646,0.3883776002495766,53.01319397471261
2023-08-22,43.73888951825243,-0.007587924584000483,43.32935538712327,40.45656838339521,0.1693801078653725,44.96829498161454,43.03355203160549,0.250767008613515,0.36085548192236433,49.35079149197106
2023-08-23,43.491886139409026,-0.0056472256512211105,43.42173872309581,40.457674093926315,0.1583377572152787,44.94849434012294,42.977502902820355,0.18551874890246722,0.3257881353183849,46.78020018720201
2023-08-24,44.188347208242554,0.01601358622620075,43.50222475984892,40.462405776583125,0.1661918640136692,44.96838190647463,42.98952116700879,0.1878422916693907,0.2981989665885861,54.04827465686523
2023-08-25,44.33412499370186,0.003299009686248633,43.5623112711158,40.46868147201951,0.15607069379388241,44.966876476896225,43.1033001868966,0.19915107539328858,0.2783893883495266,55.420607522934475
2023-08-28,44.90036920429643,0.01277219772973992,43.63600795705768,40.477446184708704,0.14948007399222016,45.08880808720042,43.07204200492532,0.25091218399484205,0.2728939474785897,60.3712860899244
2023-08-29,45.67593299038647,0.0172729935150695,43.71637944164565,40.4913348704262,0.15983498642698687,45.39875763611599,42.93496756612147,0.35047469721412483,0.28841009742569673,65.94902925163112
2023-08-30,46.067850491277774,0.008580393989407797,43.80292634991881,40.507370301926265,0.14320023893030318,45.71883098769573,42.904940820311346,0.4557495757651324,0.3218779930935839,68.37165754588945
2023-08-31,47.57025775172582,0.0326129229913279,43.91807636467751,40.53408392922106,0.17358650832760886,46.44189116441014,42.64250469343962,0.6528863181896796,0.3880796581128031,75.55242387582149
2023-09-01,47.03789118581663,-0.011191164207847382,44.004004412072234,40.55917434214886,0.17992130992732533,46.85720128231718,42.576906908307095,0.7574298938265187,0.4619497052555463,69.52868470786504
2023-09-04,47.58755162992019,0.011685482283467996,44.116316418271424,40.5801317400988,0.17560582534180594,47.36428009545374,42.39990296680782,0.8745531307488008,0.5444703903541973,72.01003725091951
2023-09-05,47.39028221081127,-0.004145399633985192,44.2119333742376,40.60024905504703,0.17461704738596098,47.73616769289364,42.36344417487056,0.9406133412775262,0.6236989805388631,69.81277381158253
2023-09-06,48.652254886729665,0.02662935557768198,44.333118378794936,40.62733467786179,0.1925954052902954,48.37079929940519,42.16398860878617,1.082320861095205,0.7154233566501316,75.05631393142677
2023-09-07,49.839324370558394,0.02439906406378123,44.46081905092817,40.65867307212764,0.20411055930781816,49.223513017269376,41.81930516989248,1.2757061319005771,0.8274799117002208,78.78864873634646
2023-09-08,48.50880664996167,-0.026696142802904888,44.5593668248774,40.681122335764485,0.22914992965333736,49.61744267601388,41.83923537689607,1.3065426810947969,0.9232924655791361,66.73536902916135
2023-09-11,47.86962810284722,-0.013176546513022802,44.653041901061876,40.703715958104716,0.23759773707210763,49.85547257138497,41.927700417334144,1.264824393302277,0.9915988511237643,61.84092078355159
2023-09-12,48.33140784296899,0.009646612234581076,44.75233470694323,40.72918135709901,0.2380679975146675,50.13616587522422,42.0203325010324,1.2545623021548593,1.0441915413299836,63.900803877687736
2023-09-13,48.88349217559714,0.011422889530176672,44.85342344272648,40.75454419923918,0.2354873726075199,50.4579625061342,42.15908426473285,1.276266111384011,1.090606455340789,66.2467372726322
2023-09-14,49.40500106442735,0.010668404928127373,44.964240204233,40.781619517250164,0.2321189447775884,50.79758663500952,42.36124300486601,1.3203280258561634,1.136550769443864,68.33975720200637
2023-09-15,49.37081897247985,-0.0006918751383675481,45.068093701385976,40.808081963904776,0.23273646988469315,51.062342967022296,42.62940022240702,1.3370762190239347,1.1766558593598782,68.04193582242527
2023-09-18,49.7013070794126,0.0066939968550443485,45.18472333316657,40.83128183422342,0.2319612724765552,51.31575720612775,42.93878524075458,1.3613244105884732,1.2135895696055972,69.4291142987129
2023-09-19,50.17282433674068,0.009487019256348539,45.3363518133279,40.85890011016349,0.2264225413076964,51.528588889801526,43.36934703892965,1.4024225252411355,1.2513561607327048,71.34049419833337
2023-09-20,50.13319354280318,-0.0007898856494806816,45.476127629320516,40.885994403353926,0.22346640671147233,51.57568136447031,43.98638530460026,1.415478448882915,1.2841806183627469,70.939032499399
2023-09-21,50.87469059257656,0.01479054090460652,45.62198431053425,40.91835146082539,0.2228697913871682,51.75214759584995,44.47855341165403,1.4687274021581658,1.3210899751218308,73.89862996199247
2023-09-22,49.30535030114281,-0.03084717121921421,45.7343820266375,40.93811291550458,0.2605041336232889,51.566137024367166,45.16168651388091,1.3685194944143433,1.3305758789803335,59.97674993977651
2023-09-25,49.75971444715769,0.009215311183061514,45.85476742829864,40.96619268571294,0.2594832131985091,51.415855150721946,45.79790291181225,1.3106589345317516,1.3265924900906172,62.197277608086594
2023-09-26,49.05926088772114,-0.014076719836895402,45.94809307592588,40.99276567747756,0.2640837223406535,51.22643773650164,46.32565311576603,1.194513665671174,1.3001767252067287,56.95150989960471
2023-09-27,49.737066629045636,0.013816061005805791,46.0603738502801,41.02427691386905,0.26601109429907427,51.08390540994647,46.83510705609798,1.143973942473849,1.2689361686601528,60.42943710417496
2023-09-28,49.59295962459119,-0.002897376428112275,46.17819612247491,41.052974994739685,0.24427922228694918,51.09734542692331,47.02393722640767,1.0798448377049397,1.2311179024691103,59.33190957803151
2023-09-29,48.99439279503148,-0.012069592823068853,46.286089650207686,41.07674486553181,0.24493678347402384,50.96052679926392,47.35640601498855,0.9695463921495602,1.1788036004052003,54.87386258045869
2023-10-02,49.26631042840645,0.005549974555507653,46.384517593771825,41.097443492905015,0.24272813246838937,50.885776900566505,47.599031793534586,0.8937727045090185,1.121797421225964,56.47384791015158
2023-10-03,48.65632546583157,-0.012381381054733187,46.487541882676396,41.119943737768054,0.24714501292550362,50.731867140166905,47.87954587943623,0.7755606421976751,1.0525500654203062,52.01821195890125
2023-10-04,48.052927970343774,-0.012401213813639234,46.56359276523974,41.13702814960208,0.23278804253059243,50.78261441848639,47.76886590947815,0.6259717830009066,0.9672344089364262,47.98512138753065
2023-10-05,47.02413349225635,-0.02140961064271374,46.62668965702804,41.149816380379505,0.2243975904128875,50.92039067480534,47.349570565328996,0.4195698775947463,0.8577015026680903,42.005200699526945
2023-10-06,47.0206581343583,-7.390583600264122e-05,46.702875037903055,41.164583380862695,0.2059475975524694,51.06630495388435,47.05484143468964,0.25280032341177616,0.7367212668168275,41.986165797887814
2023-10-09,47.363058543358264,0.0072819144304951955,46.77026351035087,41.17932505758588,0.20331872859743003,51.11570188407699,46.95478754854812,0.14657349366258643,0.6186917121859793,44.64752818607914
2023-10-10,48.060706617807845,0.014729793554420167,46.852534004921644,41.200331590481774,0.20742691768191293,51.12484560087097,46.91857370923802,0.1173298296424008,0.5184193356772636,49.70976988387453
2023-10-11,47.979831376958465,-0.0016827726128232356,46.94878294378918,41.22715447450007,0.2028539909403549,51.13038166395559,46.82267156628953,0.0866294488221655,0.432061358306244,49.14861721675623
2023-10-12,48.703491223141725,0.015082584190380999,47.06357242318603,41.25863358553455,0.20674738813931176,51.0887646040959,46.79413764202066,0.11931706469760428,0.36951249958451604,54.13747177138883
2023-10-13,48.73035634799118,0.000551605730405802,47.16736419298443,41.2945846177802,0.2067898614297219,51.04886873371224,46.76998724995545,0.14571036840910523,0.3247520733494339,54.31665404863521
2023-10-16,48.681356374066084,-0.0010055328464085855,47.25525526219481,41.3321072731278,0.20500023137760465,50.966792802807085,46.75006811032596,0.16081953586529352,0.29196556585260586,53.90299585403449
2023-10-17,49.08855991675942,0.008364671262739654,47.35630657741429,41.3705300980384,0.20427932883814617,50.82418116432573,46.784253306809184,0.2033079749034954,0.27423404766278375,56.84434587637502
2023-10-18,49.836293858670054,0.015232346257021634,47.46702256493853,41.41172296513803,0.21227172521365834,50.77223591462482,46.80650858809678,0.293928029631104,0.2781728440564478,61.679649113478185
2023-10-19,49.61352254706345,-0.004470061763387934,47.56411258426273,41.44706565836755,0.20510672912387254,50.49902799426277,46.95359970390752,0.3438061099917249,0.29129949724350324,59.53929063313836
2023-10-20,49.459332480974915,-0.0031078233951694623,47.66589507403261,41.482167523703474,0.1730038287157745,50.51861351304322,46.94941240311027,0.36666629748097535,0.30637285729099767,58.03808726346662
2023-10-23,49.36289981737536,-0.001949736455433393,47.76105949548501,41.5212314762244,0.16980769355482406,50.459141414269865,46.969203038905405,0.37270553334658985,0.31963939250211615,57.06894360240299
2023-10-24,49.43496137281056,0.0014598322971666189,47.85779564358934,41.56278157361528,0.16191733504081277,50.50149820344187,46.96441629824234,0.37893827204130304,0.3314991684099536,57.63820738058281
2023-10-25,48.83035650754166,-0.012230309248333682,47.948842609150326,41.60387745231833,0.15974133851972572,50.393148120649265,46.982095368884536,0.33127249946396375,0.33145383462075567,51.47139667625389
2023-10-26,49.55307234914607,0.014800544032333551,48.06016060864639,41.65195968064535,0.16885695892260585,50.386783926387594,46.98447083560171,0.34780488153888456,0.3347240440043815,57.34614255853204
2023-10-27,49.290853134463944,-0.005291684294256416,48.16514400179683,41.69744971913801,0.1640702605751936,50.41802226158484,46.982878534347705,0.3358762420327466,0.33495448361005453,54.75610841460054
2023-10-30,49.625893179857606,0.006797205243733284,48.276195575296335,41.746362387763774,0.1646529913019702,50.46816840553269,46.968690665544976,0.3494296335960172,0.3378495136072471,57.40335021887644
2023-10-31,49.07040587530121,-0.011193497365239558,48.382825902437304,41.79787880382245,0.163478366530429,50.495564826428065,46.98270228559656,0.31175390601178776,0.33263039208815526,51.973614604244446
2023-11-01,49.332316665905736,0.0053374490374116235,48.49963451296724,41.848745549356536,0.15694416601055836,50.54745554212442,47.0587504394564,0.2995763032403218,0.3260195743185886,54.17457332830078
2023-11-02,49.618397335458766,0.005799051998519822,48.608235515511566,41.90128923889451,0.13238088119025906,50.49665759422743,47.368974771673635,0.30944272139522866,0.3227042037339166,56.51856298242547
2023-11-03,49.34182700443622,-0.0055739472831563,48.708389555726264,41.95141176048775,0.135328133566408,50.335088982931865,47.76266026997699,0.29158381780088405,0.3164801265473101,53.660913270650155
2023-11-06,50.77299360869924,0.02900514008397681,48.82584204381431,42.00833985929918,0.16445644895957526,50.468149945298265,47.97059281414468,0.38843604332713255,0.3308713099032746,63.84744173943825
2023-11-07,51.05273666956125,0.0055096822341804685,48.93337811739781,42.06485779001386,0.15930640321688466,50.74382136136476,47.99412440325353,0.4822064807930886,0.36113834408123746,65.4463603062739
2023-11-08,52.354409019418526,0.025496622409927783,49.05910928796063,42.12771860499838,0.17680085027751943,51.36503021176634,47.810373317097955,0.6540152277331686,0.4197137208116237,71.71496722655954
2023-11-09,53.07808337934369,0.013822605841214752,49.169265800512974,42.19066458157041,0.17584803234412127,52.121091317975676,47.49177142650881,0.8388990641305938,0.5035507894754178,74.48623204379606
2023-11-10,52.604004780786674,-0.008931720370700336,49.280588072412385,42.249970974237115,0.18170212497214738,52.569859329723826,47.43036825804022,0.9363727336268113,0.5901151783056965,69.6705020406434
2023-11-13,52.33899198532856,-0.005037882506521707,49.37561687952055,42.30676959555555,0.18369691844257657,52.875260428625666,47.49073072026462,0.9809294570003857,0.6682780340446344,67.06042340541306
2023-11-14,52.67532169752223,0.006425987575151337,49.481317669254764,42.364008930606005,0.18317099541405366,53.22037991574703,47.504287411219536,1.0314896081147822,0.740920348858664,68.66484878180701
2023-11-15,52.736271487989924,0.0011570843519037588,49.56299800127997,42.425653581923186,0.17805296327563522,53.54181521866801,47.472849871230544,1.0642094863401255,0.8055781763549564,68.95991270233434
2023-11-16,52.788635896622246,0.0009929486320292558,49.62198423180125,42.487964712996984,0.17610266263900876,53.83301551759814,47.4991609072563,1.081894192916515,0.8608413796672681,69.2280076313886
2023-11-17,52.593317553040755,-0.003700007402426375,49.70367444986283,42.54996965696023,0.17639470796892853,54.04790749011963,47.5976674419414,1.067839503220121,0.9022410043778387,66.90673053514587
2023-11-20,51.29382630355897,-0.02470829584331191,49.77215841387706,42.604831897492346,0.2017691945106914,54.07530816957894,47.763359411100446,0.9409957634341382,0.9099919561890987,53.946242296363316
2023-11-21,51.147537215910944,-0.002851982357141458,49.8284810013359,42.66270200758621,0.20250058023206052,54.08333868790009,47.92658647708934,0.8192233818129822,0.8918382413138755,52.70842972946937
2023-11-22,49.59850253616551,-0.030285616161858098,49.84278120854728,42.70818728701618,0.22765042860058896,54.02516069993966,48.06157906791215,0.5909120726792381,0.8316530075869479,41.77724210473863
2023-11-23,49.872318853163975,0.005520656935132484,49.85212756432201,42.75468462908566,0.2224470992263949,54.01079539996569,48.1078690182879,0.42714454724749373,0.7507513155190572,43.988538914478816
2023-11-24,49.38275664107486,-0.009816311399726607,49.85236631769391,42.802085571047286,0.22455628911687386,54.00406186680252,48.123792902112164,0.25491551698762294,0.6515841558127704,40.990927984304896
2023-11-27,48.90528523934951,-0.009668787937371026,49.83644588089264,42.85175729114657,0.22573232318309672,54.05850178809808,47.9972921867658,0.07898433568356467,0.5370641917869293,38.25298019839826
2023-11-28,48.76999270321974,-0.0027664195284339277,49.80838924822223,42.901460146385936,0.2224626902650002,54.08699695870915,47.93875569894658,-0.07054615780071316,0.4155421218694008,37.4888787559207
2023-11-29,48.97121286674789,0.004125901038219082,49.78514963470112,42.9523545128301,0.22210299765512304,54.11440690548797,47.87523537225198,-0.1708439825818644,0.2982649009791478,39.426853966308435
2023-11-30,48.01361163637154,-0.019554370298771384,49.727928055577024,43.00034397993372,0.23096421017933538,54.25777363775575,47.571390070075466,-0.323867801200187,0.17383836054328083,34.02130529555228
2023-12-01,46.866546646134125,-0.02389041255476987,49.67915198247684,43.042292552387316,0.24398914679925987,54.53801620772658,47.04361946427445,-0.5315712161343313,0.03275644520775837,28.908480255265147
2023-12-04,46.186114806954215,-0.014518497475769054,49.60767998967278,43.08250095872805,0.21696629001740933,54.837431251360144,46.285516540466375,-0.74252348319812,-0.12229954047341736,26.37624413663923
2023-12-05,44.89807955689401,-0.027887932454241926,49.52445636305623,43.11473282872936,0.22834628270099816,55.21223847438953,45.29524360617027,-1.0020869205526424,-0.2982570164892624,22.37988434531472
2023-12-06,44.307728839368394,-0.013148685274556926,49.41586960726269,43.14589617432107,0.19585816944492385,55.36677526077754,44.33603880177724,-1.2411222985611872,-0.48683007290364744,20.822647722847506
2023-12-07,45.31923201383994,0.02282904587907475,49.33039505504767,43.18216253064455,0.21131132150184587,55.113071682997706,43.8138572430067,-1.3335671728429546,-0.656177492891509,29.831708395636042
2023-12-08,44.66719266653912,-0.014387696311837117,49.24385105247782,43.212484609811526,0.21258738889270518,54.8994235569402,43.233824157639454,-1.4428126812775233,-0.813504530568712,27.64781894163208
2023-12-11,45.089930892667006,0.009464177193400536,49.16032346176303,43.237784583729606,0.22137144120744143,54.581524719091,42.826816886222495,-1.4782388743339965,-0.9464513993217689,31.16615219657173
2023-12-12,44.24560623779832,-0.018725348168719402,49.072109077202356,43.26160741184707,0.21862301500869438,54.16998405192795,42.395386007413144,-1.5565019453582565,-1.0684615085290667,28.2150219820644
2023-12-13,44.44461265930296,0.004497766861529362,48.99994277098154,43.2876460079277,0.220908305346615,53.600652972898196,42.1355512035742,-1.5842060962075735,-1.1716104260647682,29.89989113965322
2023-12-14,44.25938685298597,-0.004167564868589824,48.94464783819614,43.3149934693039,0.21873945476174636,52.8951548045562,41.98812446755258,-1.6026338445711161,-1.257815109766038,29.21262912525208
2023-12-15,44.23560917743377,-0.0005372346352464641,48.88894685905764,43.34002178980822,0.2199794601913451,52.08163421873882,41.965874215809244,-1.6007047002325123,-1.326393027859333,29.120095810621663
2023-12-18,44.602637254810205,0.00829711818603518,48.83373843328669,43.369954923652195,0.21896852524810603,51.43327482536502,41.94511470430818,-1.5516730202878364,-1.3714490263450339,32.6656080753327
2023-12-19,45.72660753768785,0.025199637332127267,48.787056451684286,43.406755214209554,0.24668722905435225,50.68516590151119,42.15113066033971,-1.4059135559387883,-1.3783419322637849,42.20058293134759
2023-12-20,45.86518071955897,0.0030304715204798605,48.744763438536296,43.44427031853324,0.23002203958213585,50.23094458486592,42.23201979532433,-1.2646384675851365,-1.3556012393280554,43.267241807369444
2023-12-21,45.95888831194699,0.0020431096295248086,48.689871380312404,43.4848073652197,0.22847808351519386,49.649598332192035,42.4220229938765,-1.1320657731279837,-1.3108941460880412,44.01958924799157
2023-12-22,45.35045077749192,-0.013238734808494246,48.62227326890242,43.52476580399113,0.22995596345154412,49.09439031150024,42.574000428210006,-1.0638335705539461,-1.2614820309812222,40.28412656051407
2023-12-25,45.73605203348679,0.008502699518617485,48.563367182090836,43.56783625033556,0.23319568863280546,48.59798859579611,42.75347882332785,-0.9674916185370463,-1.2026839484923872,43.553343672804694
2023-12-26,45.592437525399575,-0.0031400722559539185,48.49344473426364,43.61551314955714,0.2331893609700329,48.05044634603886,42.9832655553031,-0.8924409146841796,-1.1406353417307458,42.617535434721674
2023-12-27,46.14044778536463,0.012019762261225031,48.41952781279753,43.66948880065661,0.2381366475900423,47.35129206837132,43.3993433248323,-0.7797543206747974,-1.0684591375195562,47.27310299514139
2023-12-28,46.126059270885186,-0.00031184167406383967,48.349778547273964,43.724358757539655,0.229904416152136,46.8684658070597,43.69341434959531,-0.6837288157464343,-0.9915130731649319,47.16490372269138
2023-12-29,47.27823526319824,0.024978851662715185,48.306156602918435,43.78457162715754,0.23333523135064138,46.9834842498499,43.6195647685115,-0.508791901492728,-0.8949688388304912,55.87432233845697
2024-01-01,45.997599766051856,-0.027087210214532753,48.23885060189196,43.838786176221014,0.24790380364127207,46.95519286632724,43.62900464794393,-0.46809382426867074,-0.8095938359181271,46.666387409321985
2024-01-02,45.820739910144205,-0.0038449801034657893,48.16656617263863,43.89637664913119,0.22585441362179678,47.00648549829114,43.66997805130505,-0.4449819423077699,-0.7366714571960558,45.54997029528749
2024-01-03,46.40362438975924,0.012720974841482047,48.11803153028298,43.95794044496454,0.2228349745270508,47.10200981890824,43.78404328572702,-0.37530541598953704,-0.6643982489547521,49.81149011720774
2024-01-04,46.190210295612985,-0.00459908244135665,48.05077428921231,44.01646940238877,0.21041893911313442,47.177299342804105,43.79585159000847,-0.33346304628761203,-0.5982112084213241,48.32033901566001
2024-01-05,45.69447778135348,-0.010732415182500121,47.978846782150114,44.07112051511457,0.20724141849277547,47.18572412226474,43.89015532202928,-0.33642602790040144,-0.5458541723171396,44.95391634180967
2024-01-08,45.53836355809543,-0.0034164789891033553,47.89709618971487,44.12513048714241,0.20548025816675938,47.194626196714765,43.926096514122094,-0.3473670936643245,-0.5061567565865766,43.916282815993604
2024-01-09,44.68045346662583,-0.01883928240801036,47.809297141541364,44.1769437729723,0.20562254021644338,47.15306418287331,44.0111432508463,-0.42041782663176264,-0.48900897059561377,38.63818785988973
2024-01-10,44.76835266929394,0.001967285375332306,47.718017861609134,44.227621556838464,0.2051769481142125,47.12597690820874,44.07060452650995,-0.46584831832637974,-0.48437684014176696,39.441263174133304
2024-01-11,46.338258710811964,0.03506731760078363,47.65241508911618,44.28749515604946,0.23810926158679935,47.12568252367046,44.27878609683084,-0.3708985256774042,-0.4616811772488944,51.619890816219936
2024-01-12,47.10119550156258,0.01646451144208827,47.60760245905871,44.35392239408435,0.242923223727944,47.223536371888684,44.46749088102551,-0.231419844132688,-0.41562891062565316,56.22698975615929
2024-01-15,46.38945894007808,-0.015110796104122026,47.519931765686295,44.418629018706355,0.25056788590540835,47.20072200277274,44.66898741866823,-0.1762811174097223,-0.367759351982467,51.31744605227419
2024-01-16,45.839468618866015,-0.011855933088646187,47.415666404672386,44.47710875874404,0.23950729825158293,47.203459175651936,44.67753635390685,-0.17494623044528623,-0.3291967276750309,47.84113800851776
2024-01-17,45.59414416905793,-0.0053518170519786246,47.28046110766517,44.533783443004566,0.240055348352648,47.199093302171406,44.654798572337285,-0.19147673117926445,-0.30165272837587764,46.33342697765366
2024-01-18,46.25368408681395,0.014465452302614201,47.14397312181459,44.59090086560539,0.245573197354992,47.22219525751389,44.661176194481484,-0.14963303625036417,-0.27124878995077495,50.82071320415692
2024-01-19,45.73849563587309,-0.01113832251662139,47.00666293891631,44.646555206290984,0.24413121667878893,47.2153686933269,44.7068072445066,-0.1562419490022009,-0.24824742176106013,47.480997781848245
2024-01-22,45.312233840080076,-0.00931954122817058,46.866127776011346,44.69773794328669,0.2446156300374794,47.22414863809635,44.65564548039647,-0.19364312704480113,-0.23732656281780837,44.85454191803883
2024-01-23,45.89074904040722,0.012767307000773664,46.730436322869046,44.75323174684323,0.24869499708486809,47.2289623387967,44.6806629311969,-0.17458992432221976,-0.22477923511869066,48.97948671880818
2024-01-24,46.46357567303889,0.01248239884093616,46.60498240657002,44.81192058524788,0.24898590097796008,47.26309757193341,44.6788404868276,-0.1119770007903611,-0.20221878825302475,52.748415086781584
2024-01-25,46.23491652298416,-0.004921255989073892,46.47390801909725,44.863261928631836,0.24971325848251813,47.27220302290306,44.68062076106786,-0.07988581625220093,-0.17775219385286,51.12490264720323
2024-01-26,45.53068952911791,-0.015231497033549646,46.3326554586188,44.909085763761226,0.237353208368268,47.0431424303428,44.73492678022009,-0.11001042256346949,-0.16420383959498192,46.38932437234067
2024-01-29,44.56684363087938,-0.02116914784745627,46.19811580516521,44.95130751514248,0.22979191487052028,47.112091436490786,44.52290216055485,-0.20924663394815468,-0.17321239846561648,40.816719603372476
2024-01-30,44.14608748471361,-0.009441012911989954,46.05808681054126,44.991585702211154,0.2314087250839441,47.22861555893858,44.238912795564,-0.3181758182434109,-0.20220508242117538,38.63485864604552
2024-01-31,42.801660552832935,-0.030454044933114544,45.92214997087461,45.02426132960692,0.24587241528711884,47.50648149070306,43.60085048010689,-0.5071409934596005,-0.2631922646288604,32.63239730697471
2024-02-01,43.26631458747586,0.010855981488600674,45.79002988556084,45.05610576682495,0.2513638353112027,47.58454791418343,43.230394485812795,-0.6123448289029341,-0.3330227774836752,36.31507633489289
2024-02-02,42.89923305841699,-0.008484233810039599,45.66035941390769,45.08731884665975,0.25058933125560173,47.70995191424123,42.82546601346135,-0.7170740546720324,-0.40983303292134676,34.701183955141914
2024-02-05,43.202227639398814,0.007062937012632053,45.546298261908674,45.12440736778928,0.2531248019694958,47.75663261918649,42.545171716646436,-0.7667845749008677,-0.48122334131725103,37.182737379986584
2024-02-06,44.36046336886678,0.026809629798156598,45.45810767522161,45.1679327025281,0.26562052566732086,47.75667586605751,42.51312945999951,-0.7045984049243117,-0.5258983540386633,45.680775308645394
2024-02-07,45.1084931956901,0.016862534112939587,45.38085328180046,45.21510627940397,0.27242742200710235,47.768078191154274,42.53574118754236,-0.5881755402111892,-0.5383537912731685,50.35217006594761
2024-02-08,44.40067447683226,-0.015691473350421536,45.30859453860967,45.25841341769067,0.2452781100868768,47.629390794815784,42.48067016048288,-0.5467223612113798,-0.5400275052608108,46.29507133984439
2024-02-09,44.957794337531794,0.012547554001465233,45.27041949243763,45.30112696698844,0.2417314422453273,47.33522970875339,42.560491130142196,-0.4635717350877968,-0.524736351226208,49.728518352455204
2024-02-12,45.706208608494656,0.01664704156400454,45.26082136846844,45.346718668826504,0.24551769123095749,47.23278673106612,42.59460907467112,-0.33343980143736474,-0.4864770412684393,53.98448840113938
2024-02-13,45.24468266996214,-0.010097664028224429,45.2677534307298,45.38785332719863,0.24452854328027468,47.168051547503445,42.5998656633434,-0.2645015829738142,-0.4420819496095143,51.110871300064794
2024-02-14,44.658247122700786,-0.012961424694678758,45.27476379639645,45.4288324953799,0.24798210149807556,47.09822636649187,42.57610113971927,-0.2542570784551401,-0.40451697537863945,47.640729890284675
2024-02-15,44.603097607590556,-0.0012349234164678036,45.26044110827145,45.4672518279087,0.24123274041245613,46.91630800064798,42.592960857640826,-0.24773263220622965,-0.37316010674415756,47.315386212425665
2024-02-16,43.627312285892614,-0.021877075226539477,45.23964350065853,45.495237564264116,0.2496664149998723,46.81464180110602,42.48350872218472,-0.31763814719273853,-0.3620557148338738,41.867386423388126
2024-02-19,44.54828566787919,0.02111001878711627,45.22881059616277,45.52570174978818,0.2613194051668891,46.75402708410529,42.46772862196538,-0.29531965527506543,-0.34870850292211214,47.95806410088794
2024-02-20,43.086019847035665,-0.032824289395671835,45.20561886834752,45.54811295442685,0.27958140498405365,46.62817250511705,42.31311028161646,-0.3911161768852054,-0.35719003771473085,40.67182580272098
2024-02-21,42.436263807456484,-0.015080437735626284,45.165451891310596,45.566800773843326,0.27643794048102477,46.39515198810195,42.14339961207333,-0.5135456579207158,-0.3884611617559279,37.915283189372104
2024-02-22,42.28909971438905,-0.0034678852439778973,45.126046148538656,45.579790967710004,0.27644824194475875,46.16184976549202,41.98212015382374,-0.6153534050972667,-0.43383961042419567,37.298687047484904
2024-02-23,42.167515241388436,-0.00287507830201561,45.08468426981774,45.59467387160048,0.2734343604003989,46.04019944492865,41.767453045614154,-0.6978037814425022,-0.48663244462785704,36.76669875193304
2024-02-26,42.27838159572812,0.002629188694307283,45.038199156636104,45.61035696086834,0.26620866441661123,46.01934555295712,41.559460734070555,-0.7456054351395451,-0.5384270427301948,37.640112828386464
2024-02-27,42.45209068115794,0.004108697610302414,44.972708819505506,45.62558449019415,0.265866403648832,46.005172573724316,41.404234032947805,-0.7607028101654478,-0.5828821962172455,39.06041667106501
2024-02-28,42.33802395670903,-0.002686951870182863,44.90216568424851,45.63811892456932,0.24353559309595327,46.0291667837167,41.33387616334303,-0.7729615998407553,-0.6208980769419474,38.44126825126825
2024-02-29,43.03019171592914,0.016348608048591506,44.843591752328145,45.655270430376994,0.2476578694835939,46.0285008730027,41.31092978690235,-0.7185417237814491,-0.6404268063098478,44.21928809348507
2024-03-01,41.77302247619733,-0.029215980445339795,44.772043186302255,45.665222697266046,0.2670748985257257,46.099948045798605,41.12686155588448,-0.7680035639553893,-0.6659421578389562,37.36021013782685
2024-03-04,41.785460022747564,0.00029774112125391383,44.69303134608747,45.675950147257744,0.2653749413155926,46.155921438397066,40.9292114016209,-0.7970113716152412,-0.6921560005942132,37.46356068935558
2024-03-05,41.38192746698345,-0.009657248132351248,44.60882114491915,45.68426580010586,0.24446555143352172,46.146496040314275,40.64078320951535,-0.8428461670038203,-0.7222940338761348,35.42154733755946
2024-03-06,41.47120947949141,0.0021575121791799212,44.51543637880168,45.693335302798744,0.23366936967899257,45.96820565765722,40.455345220552545,-0.862029322883096,-0.7502410916775271,36.24949565277631
2024-03-07,41.612061982076305,0.003396392445572438,44.42515643302551,45.70619440353409,0.2309081383162982,45.85752533773111,40.28716429100306,-0.8559990679055645,-0.7713926869231347,37.60851669929928
2024-03-08,41.09656216818245,-0.012388230463462602,44.30152297112519,45.71647514439789,0.2253412331031611,45.64943184599222,40.10913456580702,-0.8826420263060939,-0.7936425547997267,34.69351080961468
2024-03-11,40.74166123631633,-0.008635781514126029,44.19640420053048,45.72251020361972,0.2114910043380644,45.2183027175198,40.04380895706161,-0.9217687258706846,-0.8192677890139183,32.80813436518088
2024-03-12,41.20861764543921,0.011461398356202634,44.10416175523638,45.73347964887398,0.2191803037135546,44.77663924658872,40.08186592554039,-0.9046689766437339,-0.8363480265398816,37.61214299254622
2024-03-13,41.42291327163203,0.00520026243143179,44.004547532873836,45.74611955770908,0.21943859924734482,44.40460138932159,40.13037039770064,-0.8638673114660023,-0.8418518835251058,39.74139848924284
2024-03-14,41.04260650940154,-0.009181072314653926,43.90159545714962,45.754980626955074,0.2200848867762756,43.987154682761,40.19176799444233,-0.8523934145221617,-0.843960189724517,37.30788497704439
2024-03-15,42.24428944969674,0.029278913853094002,43.83259169051647,45.77271113830599,0.23923207382508155,43.77765500822857,40.262965385355166,-0.7378292616848086,-0.8227340041165753,48.11836135726014
2024-03-18,43.64539030177585,0.033166633178846494,43.79473222539008,45.79689357215907,0.25747818181240634,43.488523708530124,40.461807148443285,-0.5278939826670737,-0.763765999826675,57.35238258938631
2024-03-19,42.773690091692814,-0.01997233164959389,43.756596957891425,45.81951884724835,0.2397752436719763,43.43049347813124,40.488604403307875,-0.4269362283131741,-0.6964000455239749,51.24178265336123
2024-03-20,42.96768517155494,0.004535383303293727,43.72058360793664,45.8399936764022,0.23372335591870294,43.51151423683755,40.460725781011426,-0.3274975115134069,-0.6226195387218614,52.45583621715398
2024-03-21,44.51713840083657,0.03606089606864327,43.68416120173713,45.861759141553456,0.2644200169151011,43.99591353082401,40.19913035566971,-0.1222544129781511,-0.5225465135731193,60.842312207933055
2024-03-22,45.02189056278746,0.011338378433179086,43.642575102961636,45.8802195972156,0.26525630215683255,44.546211918402165,39.93426950023145,0.08020692686154973,-0.40199582548618545,63.124268582498914
2024-03-25,45.17499249922543,0.0034006110033175663,43.61828577414458,45.90001688517571,0.26524023614729064,45.03876523939617,39.731377269587185,0.25012970455023265,-0.2715707194789018,63.813124764846016
2024-03-26,45.0571135384446,-0.0026093852872882684,43.60263867253615,45.917015659063,0.26608982222802724,45.42613516305505,39.60450963165697,0.3710061551038706,-0.1430553445623473,62.83978844403015
2024-03-27,44.73043555271433,-0.007250308776471592,43.58536450020928,45.93196531143847,0.2678963862289336,45.70723192112292,39.56265403318964,0.4354221541961394,-0.027359844810649934,60.10374670790237
2024-03-28,44.61093234955091,-0.002671630662361646,43.55250946546402,45.94595618811727,0.2636943303260828,45.90800180370974,39.519958213965,0.4713954346662632,0.07239121108473272,59.090190692079304
2024-03-29,44.28157769439422,-0.007382823846316722,43.52337110663444,45.953656632508846,0.23979034690047357,46.07460080182955,39.604214737664876,0.4679342951968408,0.15149982790715436,56.273624007964685
2024-04-01,44.75921987296404,0.010786476079651663,43.51231082729211,45.96759297527385,0.24109365940839816,46.291951932231,39.68423959228505,0.49799250165005304,0.22079836265573416,59.30324288619363
2024-04-02,44.523774415787756,-0.005260267221915971,43.48497133479973,45.97716467529029,0.238388587684116,46.42618390792943,39.86419231146708,0.4970852764850875,0.2760557454216048,57.199423310439734
2024-04-03,44.26291449530585,-0.005858890534433336,43.440958111245074,45.985514224472496,0.2407946163773375,46.50284276397913,40.06670395699881,0.46990035967654364,0.3148246682725926,54.87658565784661
2024-04-04,43.537251687479575,-0.0163943747514238,43.387004814534976,45.985929029090414,0.250806048531563,46.502143475917514,40.259922215600746,0.38535901443383125,0.32893153750484033,48.92454128647979
2024-04-05,43.52009015045818,-0.00039418053175666046,43.34679282696178,45.98562239008021,0.2449842150270451,46.432205875022035,40.57221261472381,0.3133623505133727,0.3258177001065468,48.78976490155589
2024-04-08,42.991609579219,-0.012143370324190772,43.31528814592858,45.984651066508185,0.24749371885928365,46.2570801777476,40.9723331462885,0.21122563263623562,0.3028992866124846,44.70557218784456
2024-04-09,42.895823557683514,-0.002228016640293151,43.290282867387965,45.98229634655209,0.24590887236478703,46.116126933650186,41.282006981610344,0.12115580770817047,0.2665505908316218,43.986854716233545
2024-04-10,43.53912181397121,0.014996757328195942,43.305032092610745,45.98084667868978,0.24996118218985144,45.97506485292549,41.634689916568966,0.10052482790761275,0.23334543824682,49.8214360124509
2024-04-11,43.7758735914442,0.005437679209161939,43.31522327269011,45.98040523170149,0.24617191893138132,45.680766410934105,42.202315066764605,0.10210155443883195,0.2070966614852224,51.8108913155894
2024-04-12,44.09952398927552,0.007393350978027513,43.33922909130728,45.98001213107372,0.2271081681048036,45.57944801963465,42.48915691202196,0.1279915963693341,0.19127564846204476,54.468525798403334
2024-04-15,44.33321902191062,0.00529926428892824,43.36184891895751,45.982329098731356,0.19623246317052032,45.60799984491223,42.52938795875785,0.16545956234995174,0.18611243123962617,56.34084421716594
2024-04-16,44.383275534199825,0.0011290971734865263,43.36230516226417,45.99128847475899,0.1801668630959026,45.56690573768518,42.7314406102356,0.196922339385182,0.18827441286873736,56.75108515991113
2024-04-17,44.31752185671619,-0.0014814967280404323,43.34648573548469,45.99715407032671,0.18026953663753864,45.52160792941371,42.911722087023186,0.21408322644388988,0.19343617558376788,56.00661526765381
2024-04-18,44.1401959043148,-0.004001260561786513,43.341276164034355,45.99994576718882,0.12691366949260455,45.49535564172259,42.90028012506213,0.2109430109684709,0.1969375426607085,53.95114785939355
2024-04-19,44.62518908061726,0.01098756284076785,43.334624058896054,46.004644390112006,0.12648890786310937,45.43394139633865,42.92202422222904,0.244767733580602,0.20650358084468723,58.44335484026938
2024-04-22,43.96611043936875,-0.014769206693059811,43.299822095513534,46.00577272048835,0.13535699148063723,45.28468490255902,42.95039251002301,0.2159031348029785,0.2083834916363455,51.14197800969693
2024-04-23,44.81259489992503,0.01925311227436466,43.291180340112795,46.007870802456175,0.15361185670273522,45.23555787450106,42.975067674229,0.25835381198965024,0.21837755570700645,58.340595802323094
2024-04-24,44.84743198231918,0.0007773948924838514,43.294964037305164,46.01149282281111,0.15137089982639174,45.25614565321369,42.966179538476865,0.2914477130876776,0.23299158718314067,58.61087149308415
2024-04-25,44.393120932329005,-0.010130146363102388,43.290764503799934,46.014949197398494,0.1554896526379102,45.22927186778951,42.971272182178865,0.2778133043978812,0.2419559306260888,53.71649053114295
2024-04-26,44.103382419724525,-0.006526653376007219,43.30028590647657,46.017467527455146,0.1549939348824027,45.21714557357927,42.96557894892213,0.24085206804400627,0.2417351581096723,50.802790942798666
2024-04-29,43.70045931796664,-0.009135877559760197,43.28332937947832,46.01424525779398,0.15245044775166455,45.131061404550984,42.945787062450684,0.17700706770578734,0.22878954002889532,46.98593604258535
2024-04-30,43.81172623192676,0.0025461268759336964,43.29784350717615,46.015778333850605,0.15217871082594117,45.075083820431885,42.930559828183675,0.1338448746204719,0.20980060694721064,48.14455596986094
2024-05-01,43.38664613938999,-0.009702427388652124,43.31685115381482,46.01145964533667,0.15448020545553612,45.0578043465899,42.86021246643407,0.06459352080858594,0.1807591897194857,44.172702036210985
2024-05-02,44.09919542262526,0.01642323955961089,43.35305306797954,46.012609177935595,0.1548975647312984,45.06910268359903,42.90510850293953,0.06644219188859068,0.1578957901533067,51.40920743624157
2024-05-03,43.63233884313531,-0.010586510139602878,43.382349540014474,46.014713926698235,0.1599824355287547,45.06564173895633,42.91979431684993,0.029891284634253168,0.132294889049496,47.10128116607899
2024-05-06,42.27869458190157,-0.03102387580231003,43.382355799737944,46.0061392250029,0.190410937726331,45.20339579639983,42.710748759674686,-0.10706912547407654,0.08442208614478147,37.33286026755514
2024-05-07,41.86077814541136,-0.009884799912178721,43.37052954902301,45.99570720628361,0.19311069215863433,45.39866773213437,42.411972282712924,-0.24649219242455445,0.01823923043091427,34.92465574903419
2024-05-08,40.71228988546089,-0.027435903268710815,43.33801486759805,45.983431733543,0.20446026278140336,45.82895994949296,41.69899687250331,-0.44453505829435613,-0.07431562731413983,29.326076212781047
2024-05-09,40.70178079819161,-0.000258130586583194,43.2914466492433,45.97212055126747,0.20222982343502532,46.08792618239027,41.132621360280744,-0.5954692529512045,-0.1785463524415528,29.279823490975474
2024-05-10,41.32220709205512,0.01524322232827413,43.282430341560456,45.961027747437385,0.2096505596135881,46.13774094465453,40.805074908294436,-0.6574438691638846,-0.27432585578601926,35.725006545946755
2024-05-13,41.7111589884621,0.009412660256517658,43.28094432087474,45.948149527811964,0.2123440339770338,46.08491970543526,40.59569014416885,-0.6674797406238255,-0.3529566327535805,39.45057320574383
2024-05-14,40.949616352682845,-0.018257527583683597,43.272298098588735,45.932717638796454,0.21845749111523569,46.06396949635778,40.27327443509464,-0.7284858360392263,-0.4280624734107098,35.15412480466179
2024-05-15,40.527099249963676,-0.010317974632050197,43.25341589399818,45.913850662633976,0.21939502840308187,46.0487736589069,39.90942801187027,-0.8016858695754507,-0.502787152643658,33.00635095863542
2024-05-16,41.561395230160315,0.02552109574428929,43.25240255895986,45.89786253088052,0.24372979185664817,45.93110290587164,39.76921869749009,-0.7673923604548136,-0.5557081942058891,42.2997609827263
2024-05-17,41.75966397041737,0.00477050250981903,43.26566459500455,45.88480981077019,0.24000429936388146,45.70568663769612,39.70808245464562,-0.7159627046793275,-0.5877590963005769,43.90615029187381
2024-05-20,41.774602474000055,0.0003577256654474503,43.28632341975824,45.87065942941643,0.2363146321308496,45.56234153712909,39.63227675867578,-0.6663180201856207,-0.6034708810775857,44.03257909276452
2024-05-21,42.409544134123685,0.015199226863231274,43.310341949531924,45.859716380249075,0.23177161268242513,45.25292632426279,39.70138689496194,-0.5691786275931037,-0.5966124303806893,49.266607632115274
2024-05-22,43.904280023361714,0.035245271312297044,43.35996928456652,45.857847739218414,0.267995143163696,45.064677151655154,39.79532087167383,-0.36734770915442283,-0.550759486135436,58.989784142598765
2024-05-23,44.721923323587255,0.018623316446379823,43.43355562085023,45.86152149396464,0.2742611285347508,45.13622198714528,39.756656275309524,-0.1398066669505127,-0.4685689222984513,63.15017213167603
2024-05-24,44.82274222734623,0.0022543508030612447,43.48512467640322,45.86542678771666,0.273041248256458,45.282460035530995,39.68235420768598,0.04810200136609666,-0.3652347375655417,63.63998323447729
2024-05-27,45.05938489368926,0.0052795222822992205,43.513404568241484,45.87035713966069,0.2707642106690803,45.53474214579223,39.56596465499701,0.21365319919858905,-0.24945715021271556,64.82193794271541
2024-05-28,45.46398168544306,0.00897919029983174,43.567210400116494,45.87898260049665,0.27200023780546234,45.84701126598072,39.41892108016015,0.3731992868802152,-0.12492586279412939,66.80856720634452
2024-05-29,45.08919423871565,-0.008243612478125995,43.6096405814597,45.88696914099318,0.2712165198749896,46.10189390649936,39.33429324957407,0.4640492255028903,-0.007130845134725419,63.24551694133511
2024-05-30,44.43913719767263,-0.014417135901817701,43.608080557396434,45.88822309094033,0.27165502532265756,46.151360345649685,39.31882098792848,0.4780832399473809,0.08991197188169588,57.51586115804343
2024-05-31,44.485123804650264,0.0010348222282776653,43.59734522223368,45.88897808499507,0.2684648946468485,46.2617677280611,39.293692101668555,0.48729875563917346,0.16938932863319145,57.80706899912891
2024-06-03,43.91227437611327,-0.01287732571123279,43.57209085977144,45.88403761085416,0.24649013837543474,46.37067478132317,39.34814302782767,0.4432682365327665,0.22416511021310648,52.939112365789526
2024-06-04,43.88766958972125,-0.0005603168303530692,43.54870198079698,45.87509629385083,0.24271474148887903,46.46765900937955,39.45384794420227,0.4017571262211703,0.25968351341471924,52.73370414193689
2024-06-05,43.95995598302508,0.0016470775044470365,43.53329238940319,45.86455682130957,0.2156166418313292,46.48962130887933,39.756652254458906,0.37042218369107616,0.2818312474699906,53.30691626864061
2024-06-06,45.43822225531687,0.033627564887977135,43.54983818751851,45.85389664382752,0.2391488958149138,46.67524237528907,40.04467533376169,0.4595750546130972,0.31738000889861195,63.14912194137116
2024-06-07,44.913523943931295,-0.011547509681107293,43.56247711250925,45.84327480761809,0.24372371539543863,46.778237967101745,40.30081142713664,0.48233057189601425,0.35037012149809243,58.44048332392478
2024-06-10,44.85046273184016,-0.0014040584339330975,43.564301969686774,45.82958936312769,0.24373067724855402,46.86564644753094,40.527333321045255,0.48963179989222283,0.37822245717691855,57.88187428301501
2024-06-11,44.76084068459852,-0.001998241306393811,43.56904329506298,45.81644215549663,0.23075021277956825,46.80949186749686,40.9646103342709,0.4826229485435647,0.3991025554502478,57.04729718291334
2024-06-12,45.04923545082632,0.006443014961670102,43.5847697141734,45.79842705831711,0.22398911032724816,46.6097680503806,41.616547771473414,0.49463755691769506,0.41820955574373725,59.09136842505032
2024-06-13,45.727970353642604,0.01506651324986752,43.628584087496655,45.777870288232535,0.21439999529014628,46.60806786264958,42.034905471552676,0.5525579112028112,0.44507922683555207,63.4944969269158
2024-06-14,45.42866913099821,-0.006545254913561949,43.666755667107466,45.762469600637715,0.2182012993383179,46.49570466721612,42.51416918304422,0.5677642688938462,0.4696162352472109,60.40686382399736
2024-06-17,44.922754853475794,-0.011136453856122386,43.70537857259259,45.747735234390866,0.22467969532951307,46.1875223180331,43.137166770174815,0.5328499997167171,0.4822629881411122,55.49447767399755
2024-06-18,43.915815069582074,-0.022414916163936205,43.725778402830564,45.72565727052393,0.23846938192188516,45.900055646067486,43.57526053568627,0.4190974698830985,0.4696298844895095,47.257171946152795
2024-06-19,43.36304776329835,-0.012586975908517206,43.722256921817106,45.69805504846243,0.20815057982936838,45.97537740700446,43.44581554874296,0.2811036802542617,0.4319246436424599,43.44478800668783
2024-06-20,43.703046607455775,0.007840750632043925,43.72080038213734,45.66954527617758,0.19826951025648984,46.00220004392385,43.317105240210424,0.19690784198491684,0.3849212833109513,46.31366818485239
2024-06-21,43.74410560397043,0.0009394996390859056,43.71369201443124,45.641411709335024,0.19803120334724525,46.00609779529107,43.205343826505626,0.13197383916554628,0.33433179448187034,46.66552291219234
2024-06-24,43.13957540893645,-0.01381969494374824,43.68981914217176,45.608603050982644,0.20139111588102745,46.03664689828505,42.982813775036355,0.03137101411444121,0.2737396384083845,42.272605614422794
2024-06-25,42.92790385821554,-0.004906667455912617,43.66071170865207,45.57237844859002,0.1972497308049765,45.9950187254217,42.77083416517695,-0.0646918473263014,0.2060533412614473,40.82351203653104
2024-06-26,42.95970895316034,0.0007408955967160846,43.63355545058095,45.5365110256418,0.19653373954217226,45.97130480141677,42.58159956062635,-0.1366803853560512,0.13750659593794762,41.14995185271633
2024-06-27,43.276691190816564,0.007378593695824165,43.61628535631098,45.49852102863301,0.19398664473869096,45.968517074278225,42.46814268707929,-0.16623771801241816,0.07675773314787444,44.43954826815583
2024-06-28,42.931535943128964,-0.007975546147133472,43.58241229356122,45.46665195684293,0.19520945490316424,45.97677713944988,42.304523835755504,-0.21503447739619475,0.01839929103906059,41.7058119933408
2024-07-01,42.79411095621952,-0.003201026562187015,43.55897230389824,45.43182393938825,0.19083674751552812,46.01578859571827,42.153696037497745,-0.2617776983489435,-0.03763610683854024,40.63401478588593
2024-07-02,41.73092298473613,-0.02484425888812325,43.49733886559446,45.39518224987332,0.20838342942817145,46.17649890671949,41.777311065998006,-0.38022937404736723,-0.10615476028030568,33.468038949584994
2024-07-03,41.07595899819415,-0.015694931712426863,43.421909405911954,45.35187671171906,0.21292084106593398,46.386581124129364,41.27882915010504,-0.5209481345717393,-0.1891134351385924,29.962493460719074
2024-07-04,42.029469641036755,0.023213350731130067,43.374636380086116,45.31405926180128,0.19104980208689015,46.2199735289391,41.10456148386731,-0.5491976177806279,-0.26113027166699954,39.84153663100814
2024-07-05,40.773691650385985,-0.029878511467692936,43.30804256469934,45.27295575607806,0.21092699033141768,46.24605592592993,40.664495857521935,-0.6652477635058247,-0.3419537700347646,33.199672178554735
2024-07-08,40.59349472013907,-0.004419441138467706,43.24590327274279,45.229591677536725,0.21056588883114963,46.22773569243251,40.257119289849236,-0.7629637551506079,-0.4261557670579334,32.36587488048809
2024-07-09,40.730475678355326,0.0033744559112398598,43.18427826167136,45.189962428599344,0.21240015504808707,46.13672781972493,39.945090661932504,-0.819899868688104,-0.5049045873839676,33.728421891933365
2024-07-10,40.52972724770634,-0.004928703318720751,43.12713988383768,45.15234642498616,0.20834022598293817,45.953012468973284,39.67685519237216,-0.8711784664266418,-0.5781593631925025,32.689064861321754
2024-07-11,40.08577389473073,-0.010953771049637018,43.0468714532798,45.11765462699853,0.1948207031335471,45.5814342672423,39.48421374821196,-0.936841128522687,-0.6498957162585395,30.454034453498792
2024-07-12,40.0635284783322,-0.000554945414224628,42.97549524598374,45.08286897871841,0.19595563307199024,45.18162682024341,39.34750712994423,-0.9793845451080827,-0.7157934820284482,30.342086986645043
2024-07-15,40.07276356004296,0.00023051094253334625,42.93137662554656,45.046417503801834,0.1963048218870103,44.812306026968294,39.23182879387607,-1.000818502637017,-0.772798486150162,30.456377880465553
2024-07-16,40.03873045023846,-0.0008492828240683759,42.894935671643104,45.00630762296398,0.1865198536772833,44.60315958370901,39.053266775201,-1.0089210421938049,-0.8200229973588907,30.25934159095081
2024-07-17,39.011609339745455,-0.025653188773543834,42.86092206072879,44.96146651277792,0.1993193759027439,44.556015687810394,38.66526682874433,-1.0857070971885179,-0.8731598173248162,25.002187768349543
2024-07-18,38.942867120513604,-0.0017620964732110167,42.825743787175234,44.91266339226477,0.19382661642772905,44.37485035117585,38.37041421668465,-1.138978091129509,-0.9263234720857548,24.692979370447446
2024-07-19,38.49098464299342,-0.011603729024927234,42.769119338194,44.86146653373979,0.19325955809507467,44.15744219659036,38.06251027517245,-1.2037824225819875,-0.9818152621850015,22.70512821381537
2024-07-22,38.208413746670324,-0.007341222858909924,42.69906443335816,44.80910182060281,0.19127664442632736,44.01560890379361,37.71122740174257,-1.2633779968160255,-1.0381278091112063,21.53753139216903
2024-07-23,38.34152042499338,0.0034837007159098654,42.64690251480438,44.75536662314397,0.19419832214904506,43.821032081756535,37.44716588045744,-1.2850540194201514,-1.0875130511729953,23.532351693595515
2024-07-24,38.698606657362774,0.009313303917301896,42.61033266295236,44.699678187137444,0.20018028821415876,43.5219230777148,37.32016465491941,-1.2589066565486817,-1.1217917722481328,28.764681666321266
2024-07-25,39.19928388466693,0.0129378618650835,42.563090436042486,44.64760699382545,0.20568580963821254,43.052295692428224,37.38205130959101,-1.1841342526160048,-1.1342602683217071,35.43552067063581
2024-07-26,38.93948193164841,-0.0066277219191789305,42.506686795267115,44.595007741078824,0.2054701605731752,42.598799282298394,37.43634231857279,-1.132782419546416,-1.133964698566649,33.673378138557595
2024-07-29,39.458312484325035,0.013324022995153006,42.460360995473614,44.545484804413576,0.2153007208190848,42.08426926542466,37.617292488257085,-1.0382521083006324,-1.1148221805134457,40.08150267326305
2024-07-30,40.124090716178586,0.016872952489238813,42.414651927114704,44.49893045113042,0.21254132777481902,41.827821490758836,37.713057036067156,-0.8992474515550697,-1.0717072347217707,47.13923582608129
2024-07-31,40.779921935398114,0.016345073683005307,42.35216476535544,44.4586782782697,0.21532215349250206,41.77742371423162,37.73385110631477,-0.7277758146622091,-1.0029209507098584,53.010748781354614
2024-08-01,41.593612175427516,0.0199532073974642,42.28959854239224,44.418880977401095,0.2108705388284449,41.659545173224394,37.80814390076106,-0.5202284353886739,-0.9063824476456215,59.083272038832924
2024-08-02,41.521320691691855,-0.0017380429338706982,42.22357011167915,44.38003331518724,0.18018617404254375,41.80775427808504,37.734697700031006,-0.35745840263318485,-0.7965976386431342,58.3616481113749
2024-08-05,41.432649285375064,-0.0021355632441271144,42.15103539951288,44.339067095714825,0.1794610360046031,41.95300013720006,37.67336729743959,-0.23293192616188918,-0.6838644961468853,57.435022450462995
2024-08-06,41.92657654840212,0.01192120879418157,42.08028729677205,44.30334794908033,0.1834280682835647,42.180999516446605,37.56497800519773,-0.09331234753223328,-0.5657540664239549,61.13655953871181
2024-08-07,41.14443045631767,-0.018655138493873902,42.00139202112409,44.26240851803239,0.19586961053424762,42.264330684087746,37.54311715841772,-0.045253820652121135,-0.4616540172695881,53.240959587021585
2024-08-08,41.27762465597292,0.0032372352266891724,41.9381617702901,44.220704654634964,0.19096668199293337,42.40215315334461,37.52447976528507,0.003539762723917761,-0.36861526127088695,54.32280615623685
2024-08-09,40.98445102081513,-0.007102483187955699,41.8681483146134,44.17891777471686,0.19331686089570296,42.49057236874768,37.5281528041303,0.01834094390083152,-0.29122402023654326,51.49845578488984
2024-08-12,40.78562556161941,-0.004851241244996474,41.80561533832351,44.128980934481454,0.19449549114997447,42.55041311570951,37.5395982573261,0.013867576922379499,-0.2302057008047587,49.614474698897794
2024-08-13,39.815190184228975,-0.023793563639824322,41.72416575021367,44.0727932020548,0.21344514114476956,42.541347581522324,37.52630976491235,-0.06720888117931167,-0.1976063368796693,41.61268117965417
2024-08-14,39.333669489911095,-0.012093894116537829,41.63164002035139,44.00768950440725,0.19676940534466694,42.533835526134936,37.56602783531629,-0.1683763167751735,-0.19176033285877017,38.31099778514935
2024-08-15,39.33418417385596,1.3085073209184728e-05,41.50955925872218,43.93897000837982,0.19660144777751817,42.522658462702516,37.61633660408295,-0.24567867680737265,-0.2025440016484907,38.31663141303195
2024-08-16,39.8384414428036,0.012819822745498755,41.40805760869962,43.87514219168991,0.19565092756096972,42.47899694058037,37.794743806186105,-0.2632177958133468,-0.21467876048146195,43.737804988706486
2024-08-19,40.406581648555594,0.014261105233438265,41.319179987033934,43.81548014000604,0.19729261464618492,42.407119734463535,38.086437802491474,-0.22863791200232697,-0.21747059078563494,49.15936462786775
2024-08-20,40.37327730004485,-0.0008242307849849473,41.23142871934286,43.753969918018655,0.19770828397944884,42.313761330714144,38.38297189374602,-0.2015966073363984,-0.21429579409578764,48.86212274757801
2024-08-21,40.27851000147295,-0.0023472778260631433,41.13601421035579,43.69168111058607,0.19683361699699167,42.234165016671525,38.62055854219966,-0.18567278724391656,-0.20857119272541344,47.97323888646773
2024-08-22,39.82474957026902,-0.011265571422263143,41.01794979468832,43.6268616789543,0.19786585652758404,42.19626569485099,38.7210044325804,-0.20727834393708378,-0.20831262296774752,43.8590457658057
2024-08-23,40.06173176080263,0.005950626007464654,40.910611047284405,43.56420374999311,0.1965812469725035,42.11268667251533,38.916808437831484,-0.2029390658172261,-0.20723791153764323,46.442380422208004
2024-08-26,39.935093212518545,-0.00316108522318026,40.810857814465265,43.5074100845379,0.19208189426971142,42.08351192535206,38.99366125781409,-0.2073288709617458,-0.20725610342246376,45.244263236245125
2024-08-27,40.28736313872194,0.008821061824715315,40.73828877584806,43.453109214151965,0.18507208255633117,42.084160637056314,39.00933978836419,-0.18030415015605428,-0.2018657127691819,49.17233416037989
2024-08-28,41.299957267381956,0.02513428652983163,40.69702696592973,43.411616487808054,0.19741679626137243,42.14398524209099,39.0015187165279,-0.07629944809146139,-0.1767524598336378,58.408623119670466
2024-08-29,41.293628558589724,-0.00015323765957575564,40.64883860495241,43.368723036335176,0.18385405652178602,42.093274950896905,39.02223064603819,0.005550372461094355,-0.14029189337469136,58.33727084143687
2024-08-30,40.44913477298436,-0.020450946431291417,40.58293918833269,43.32405492699472,0.19730492577903497,41.97136716009628,39.03691984496808,0.00224744700570767,-0.11178402529861155,49.62557922575814
2024-09-02,39.976562585964906,-0.01168312226384327,40.51967893187326,43.2794113137278,0.20076399663718916,41.84821112643101,39.014467208692324,-0.038063993235887494,-0.09704001888606674,45.52831175983888
2024-09-03,39.180504263195594,-0.01991312587362859,40.44473093997286,43.23146387152769,0.20387130139107346,41.630768151474065,38.95730295512862,-0.13271648078870157,-0.10417531126659373,39.59745526333924
2024-09-04,38.54088967607338,-0.016324817639548406,40.35635455443112,43.1793122555743,0.20170010809569902,41.650570494421615,38.677146534156634,-0.2563853599718655,-0.1346173210076481,35.58623867576577
2024-09-05,39.263429451329664,0.01874735589471488,40.276089319641386,43.1355613446491,0.21530647462846447,41.504378696215014,38.62191881189892,-0.29271666090721027,-0.16623718898756054,42.65339403264131
2024-09-06,39.40003762932926,0.0034792726949370856,40.205459353365384,43.09822879956508,0.21552454718223435,41.38556870225282,38.58228746671252,-0.306948034495818,-0.19437935808921206,43.90647274323241
2024-09-09,38.581941465547985,-0.02076384219420868,40.12121596355196,43.06020793285804,0.22559855292185127,41.35427504017033,38.39321271918788,-0.37986122020738833,-0.23147573051284737,38.48327985268394
2024-09-10,38.94830210243981,0.009495650632795893,40.06556354590603,43.03045904558578,0.21496803109005136,41.367814165195334,38.292984785983954,-0.4034326827625989,-0.26586712096279774,41.941716515899664
2024-09-11,39.65354803285221,0.01810723169799533,40.037115326599185,43.007188141553186,0.22096740405077117,41.36863055814056,38.32415624733283,-0.36104389478563803,-0.2849024757273658,48.00196026800262
2024-09-12,39.46610428236037,-0.004727036035628962,39.98584801942566,42.97792250289579,0.22174435830242265,41.36700252583517,38.33897629048867,-0.3386716233923721,-0.29565630526036707,46.60939852655681
2024-09-13,39.10609402759284,-0.00912201144029412,39.9524960669698,42.95011700970106,0.2189213291533394,41.36685203789719,38.26589203690557,-0.34600275161680116,-0.30572559453165393,43.9709425561819
2024-09-16,38.93349851338023,-0.004413519644555386,39.919296142834625,42.91933484780462,0.21175827382472265,41.31494818919463,38.1704875720906,-0.36157176487379417,-0.316894828600082,42.72232189674801
2024-09-17,39.10066660232342,0.004293682698094603,39.88669996131399,42.89361014962725,0.21283818548857036,41.24686897952161,38.11130571199148,-0.35631388765375505,-0.3247786404108166,44.370036803362524
2024-09-18,39.464403863655626,0.009302584660042301,39.86539349363297,42.86870910564901,0.21622419847893976,41.1827336814095,38.09403039632184,-0.31911783322803444,-0.3236464789742602,47.88316348706065
2024-09-19,40.13505465392879,0.016993815302270177,39.86637910881693,42.84808744465373,0.2215156787020085,41.21230341859908,38.09549116749825,-0.23283974653961792,-0.3054851324873318,53.690161008891835
2024-09-20,40.83439856235297,0.017424765319354663,39.881796510497345,42.83108139157833,0.2288950432600538,41.32981943459079,38.05524183166156,-0.10680139251867615,-0.26574838449360066,58.840362020110994
2024-09-23,41.530183747824076,0.017039192689679572,39.91094491425297,42.81571912404339,0.23510761983889722,41.60326482958241,37.94130549020051,0.0486679468517508,-0.20286511822453035,63.22264542507347
2024-09-24,42.34233369400389,0.01955565501735501,39.95701697912828,42.79879775482498,0.24218066523169854,42.02973528187691,37.720332093434195,0.2347066791380712,-0.11535075875201004,67.56379435085682
2024-09-25,42.74904308668306,0.00960526634215153,40.03176565406703,42.78321706666059,0.22892776925620573,42.38308108234052,37.5118948749007,0.4102328547996237,-0.010234036041683263,69.50505864345809
2024-09-26,41.855119480388545,-0.020910961784147752,40.09001070126453,42.762698222502806,0.24274703266551845,42.488214312236714,37.462910737184394,0.4717681992767808,0.08616641102200959,60.88055498077932
2024-09-27,41.79098387611526,-0.0015323240040763242,40.156010685926965,42.74490088799592,0.22973437960019893,42.677250577855894,37.408059381878296,0.5094871451869167,0.17083055785499104,60.30241122016264
2024-09-30,41.9876491297662,0.004705925427214819,40.23159539358888,42.72615887347732,0.22434316092025383,42.91701941393184,37.36939920018247,0.5489213008757119,0.24644870645913527,61.509458792665434
2024-10-01,41.775570838652065,-0.005050968451667415,40.30027640186206,42.70707454004358,0.21037186540849767,43.09944237160515,37.44648290005482,0.5566435671427215,0.3084876785958526,59.411560264108914
2024-10-02,42.324638670360045,0.013143275380451902,40.372797042122,42.68799549446856,0.19965258538966593,43.306947795481626,37.617352375607005,0.6001505421930844,0.366820251315299,62.936142577784324
2024-10-03,42.12436841084728,-0.0047317653689271655,40.43129873264561,42.66798704016837,0.1951947856972569,43.48371790973359,37.726676157306805,0.6114219060213486,0.415740582256509,60.86020701175427
2024-10-04,41.59441639257208,-0.012580651966255685,40.48439742186408,42.639567945815244,0.2034698555722625,43.56718459445914,37.86264734890553,0.5710096009415295,0.4467943859935132,55.63100491296598
2024-10-07,42.45675900937663,0.020732172526852777,40.54436635236512,42.621863742031856,0.19278932542293106,43.67602492332215,38.141288774425384,0.6016311706560913,0.47776174292602885,61.43728040782983
2024-10-08,42.86733796908212,0.009670520531602778,40.59923129742319,42.60709673232655,0.19284600678312405,43.842358301097036,38.36685898331474,0.6515189708288318,0.5125131885065894,63.862115954111964
2024-10-09,43.012025364454324,0.0033752363040726596,40.64387336600431,42.59013873720002,0.18642240006923802,44.04727728931334,38.49778772825864,0.6947221509844184,0.5489549810021552,64.70439113852032
2024-10-10,43.58676998144653,0.013362416954844969,40.68373652212469,42.577121535629196,0.18607047769877355,44.30009052855299,38.65704105892761,0.7665023082910523,0.5924644464599347,67.904497157828
2024-10-11,44.25326450538258,0.015291211627284085,40.7383753983985,42.569915469249345,0.1815451912218522,44.58513182153081,38.88671681372875,0.8671729085656068,0.6474061388810691,71.1689507103955
2024-10-14,44.47839849427244,0.0050873984418138285,40.79929038257646,42.56461564393022,0.17721480639152384,44.7924422084358,39.233896424912984,0.9541229801615003,0.7087495071371555,72.19762382388731
2024-10-15,42.98694153566596,-0.03353216413128124,40.82049768232173,42.55614808427543,0.2277860966115214,44.652719171333395,39.76224695534966,0.8923964357946659,0.7454788928686576,57.5486709875101
2024-10-16,42.59505352280841,-0.009116443246663719,40.84951014365154,42.54528158854299,0.2323456450403366,44.443326272885585,40.28470481971274,0.8026037013101401,0.7569038545569542,54.42396068886613
2024-10-17,42.336348693382334,-0.006073588551486431,40.87068462439973,42.52527203845585,0.22955014599134552,44.270392039089124,40.677768457454555,0.7024693650924334,0.7460169566640501,52.40120704967644
2024-10-18,41.76953356497926,-0.013388380101179376,40.886386275283016,42.49861372877292,0.22952288224289127,44.180963966333294,40.860710030473015,0.5707951670425047,0.7109725987397411,48.17638307622605
2024-10-21,41.89844423355484,0.0030862367274233637,40.908642648721724,42.47615865524031,0.221998697992229,44.16083472274587,40.91766532263352,0.4714103054704779,0.6630601400858885,49.17992323338214
2024-10-22,42.6164157645711,0.017135995002918625,40.96466716032856,42.46004339096884,0.21939998002297642,44.17216269992663,40.93374555250948,0.4454465582176752,0.619537423712246,54.46831700739296
2024-10-23,42.34078675796764,-0.006467672178865014,41.0248095056897,42.443776603913385,0.2178821769318762,44.15163484271336,40.91344777685121,0.39804077784078373,0.5752380945379535,52.22163646063942
2024-10-24,41.685910335461465,-0.015466798627282063,41.0718440289218,42.42093773515663,0.21185501657182626,44.1597622949359,40.88839941013596,0.3041225654613413,0.5210149887226311,47.23632196260135
2024-10-25,42.89930723430256,0.029108082061215734,41.13306134475179,42.40674179314877,0.23571580548025076,44.18543010466612,40.97356393622447,0.32386933042248245,0.4815858570626013,55.67899372925579
2024-10-28,42.64182379768643,-0.006002041832746663,41.177766187734406,42.393389742936805,0.23679476028242932,44.193847376957756,41.03056413072486,0.3151096347454754,0.44829061259917613,53.71486288957293
2024-10-29,41.92465346105435,-0.016818472400117912,41.208793710954595,42.373559265040036,0.2442695151090013,44.18603098144132,41.053288788481524,0.24744546301939607,0.4081215826832201,48.575021225671904
2024-10-30,42.07701053481973,0.003634068768318066,41.24476372162153,42.35162643934895,0.23992701072592562,44.18732359892155,41.027233357447244,0.2037661723888604,0.36725050062434816,49.676686068088266
2024-10-31,42.34121999885904,0.006279188104883815,41.29509313019333,42.332157956728324,0.24034248614098142,44.18715099743279,41.049091117737184,0.18829892275964966,0.3314601850514085,51.612565887002695
2024-11-01,41.937917852115056,-0.009525047855372337,41.332616852019584,42.31419409834331,0.2383962904977142,44.16414960669771,41.106442654426566,0.14186259954625058,0.2935406679503769,48.542829422597364
2024-11-04,42.41731826169177,0.011431192441818672,41.38226135300304,42.30344647149737,0.23007756637574048,44.163248590016906,41.1033995963389,0.14210696474931694,0.26325392731016495,52.18345788277951
2024-11-05,42.14155279916677,-0.0065012469865181055,41.41934514621194,42.29342379806963,0.22826618344523628,44.13797889900304,41.056090770361216,0.11868058190357544,0.23433925822884705,49.99236737989015
2024-11-06,41.61301352474964,-0.01254199808288925,41.42560627135929,42.28748056292921,0.2314170623935218,44.11500807665893,40.93916040873486,0.05681141582417126,0.1988336897479119,46.00526765197364
2024-11-07,41.729704595114384,0.0028041965837284355,41.43432779208979,42.279797512967406,0.2253478882879012,43.97781401168822,40.89064793507236,0.016999688288784398,0.16246688945608642,47.01009530082833
2024-11-08,42.19509496801298,0.011152496223351793,41.46924699599036,42.27627682251539,0.22156382750335007,43.61720378578665,41.045441207236955,0.022739593177028894,0.13452143020027493,50.93204983295358
2024-11-11,41.83486406477754,-0.00853726964019208,41.50641302556661,42.269440004642284,0.2208274018845799,43.01235290192403,41.38593864815009,-0.001758839355836983,0.10726537628905254,47.97234360118351
2024-11-12,42.04156695247447,0.00494092409089375,41.56363427935219,42.25784552256033,0.19032003916426443,42.877458477779165,41.42629561397582,-0.0044436049786185094,0.08492358003551832,49.77586050187486
2024-11-13,41.999173321016286,-0.0010083742003742513,41.632799952251055,42.24229892318695,0.18791941988266533,42.819429033902345,41.42473703767342,-0.009878242605907417,0.06596321550723318,49.39765223202862
2024-11-14,43.706289068290424,0.04064641306689487,41.72165714459026,42.23882699614424,0.23681215592459123,43.18316800582788,41.197992103238704,0.12215659655817745,0.07720189171742203,61.93889703970216
2024-11-15,43.287857603332355,-0.00957371293417919,41.79941354407032,42.23047731247325,0.2339588942044323,43.351447768680366,41.18154474422152,0.19083144945010844,0.09992780326395932,58.13561691722516
2024-11-18,44.148130118194835,0.01987329848350483,41.91073731712326,42.22268692002175,0.2425298465869294,43.73570635725958,41.0222547441063,0.31108754393337534,0.14215975139784254,63.14605018615977
2024-11-19,44.12902482182875,-0.0004327543729470973,42.01435177151104,42.217108630781084,0.23663328423851873,44.019705821912275,40.88951618517937,0.4002360553547817,0.19377501218923038,62.96581572384893
2024-11-20,44.063997117707245,-0.0014735812627642009,42.102560753208145,42.21413738075612,0.23496323435578478,44.26147661037505,40.82006643269056,0.46033326533788,0.24708666281896036,62.313878537678946
2024-11-21,44.52480139759397,0.010457614152792116,42.203734695512814,42.213745899706126,0.22714739864924333,44.56708643111143,40.79834571816743,0.5389313266507827,0.30545559558532487,65.073554409709
2024-11-22,45.09909756340374,0.012898343120757882,42.32359476622903,42.221104826093686,0.209405611146727,44.965095940134574,40.6203152420544,0.6401821363291802,0.37240090373409596,68.19906266365265
2024-11-25,45.919986388847754,0.01820189027707153,42.463324523738386,42.22796332969853,0.21381962979091193,45.537367652093224,40.37585978921189,0.7776981797157276,0.45346035893042236,72.04933551520352
2024-11-26,46.14559837419348,0.004913154447287127,42.60422315917578,42.24326122233431,0.1994650513154394,46.06412864825778,40.271193284361246,0.8945735495223275,0.5416829970488035,73.01631089656192
2024-11-27,45.773074738306335,-0.008072788066726622,42.73039657666879,42.25994527698857,0.20469649857963068,46.422381436966596,40.28254691600109,0.9462310158866671,0.6225926008163762,68.78483079662888
2024-11-28,45.4434631400343,-0.007200993163699265,42.836564746390906,42.2757170941168,0.2085217856212063,46.67432223722875,40.34083042985645,0.9496263276673815,0.6879993461865773,65.18522517366458
2024-11-29,45.78260107034885,0.007462853992212359,42.93552879655083,42.293792523261594,0.2029602958680507,46.93146832353636,40.46815266537224,0.9685182578036731,0.7441031285099966,67.0933404561944
2024-12-02,46.17029970520972,0.00846825269418705,43.028331115698535,42.313252113809,0.20188247096752604,47.239173838708766,40.53574529455162,1.0032099088930408,0.7959244845866056,69.17337069678665
2024-12-03,47.0970064184831,0.02007149009623621,43.12342457018813,42.33647669249562,0.20499554289227045,47.67111210363914,40.59935239155288,1.092882707712576,0.8553161292117998,73.48729577839345
2024-12-04,47.387925851667575,0.006177026000325769,43.21620222548781,42.36172620197042,0.19340070012679797,48.03500098677231,40.812954741111504,1.1738919184638235,0.9190312870622046,74.68497371261388
2024-12-05,48.11095101836865,0.015257582046622531,43.34131885624742,42.38712999848262,0.1952122785967586,48.47726920489899,41.00881116531025,1.2816602089207123,0.9915570714339061,77.41558696792914
2024-12-06,49.1582466359987,0.021768341624138543,43.48866411144509,42.42405611928162,0.20158795026329196,49.11256083632711,41.069834700680694,1.4350331899281343,1.0802522951327518,80.66834272258694
2024-12-09,49.28657961404653,0.0026106093449203005,43.63464272113069,42.46156171723812,0.19336397072904513,49.5941608906245,41.33340620131022,1.5490809403630763,1.1740180241788167,81.02891186534437
2024-12-10,48.28659587783889,-0.020289168857695383,43.76486322191443,42.49608505929239,0.21830682188152553,49.75867533643002,41.79339464804113,1.5410104645634846,1.2474165122557503,70.06293895479855
2024-12-11,47.510185749082275,-0.016079206136644375,43.868574163488866,42.52627994064035,0.23181101032813126,49.68087571076038,42.42229551651737,1.4551902186708148,1.2889712535387634,62.940624433263864
2024-12-12,46.577373905937726,-0.0196339338278122,43.957634273390674,42.551106500259664,0.21112925074659303,49.65710392929577,42.73317578174672,1.2969564292029716,1.2905682886716052,55.6244199556165
2024-12-13,47.6411626954248,0.02283917491001919,44.07856919944774,42.58382950289588,0.21626354742141995,49.6449074445821,43.180702775669616,1.2430646009555844,1.281067551128401,61.168002962790545
2024-12-16,47.09342665072484,-0.011497117486441333,44.1713025522747,42.61558832996791,0.21610671023678846,49.62159898046514,43.49854089303959,1.1429816367862102,1.253450368259963,57.205369500888736
2024-12-17,47.92700918804351,0.01770061336799844,44.27249597665393,42.649180287680934,0.221447480988273,49.64311418243692,43.85682412768928,1.1180402389263762,1.2263683423932457,61.31295942495888
2024-12-18,48.33613697283513,0.008536476440380136,44.378978208821536,42.68374640618695,0.22087850605367362,49.64480886994066,44.28234342569833,1.118395032678528,1.2047736804503022,63.180912121955345
2024-12-19,49.52577425988492,0.02461175761146084,44.497758294390316,42.72616224493937,0.23121906008342724,49.869880276743345,44.55736930512474,1.200827603016215,1.2039844649634848,68.01666780611995
2024-12-20,50.241256894586286,0.014446672371983382,44.617518142174376,42.76614708216382,0.23194589758458975,50.25746007245264,44.684005442533696,1.3088024184077582,1.2249480556523396,70.52409156817276
2024-12-23,50.18435656871534,-0.001132541846839863,44.731637303663234,42.79884191349851,0.22803970254429737,50.61966531376658,44.74823721920651,1.3739438868825573,1.2547472218983833,70.05372590935357
2024-12-24,50.05903103235594,-0.002497302843522453,44.87307909359704,42.83526861820182,0.22939537278896538,50.90395256360486,44.855293235184476,1.3993256910562835,1.2836629157299635,68.96273264409251
2024-12-25,50.13379230220964,0.0014934621847830787,45.02385386918507,42.871099153855106,0.22509271347849708,51.1112821874317,45.08403536774799,1.4092288504279438,1.3087761026695597,69.27018130770657
2024-12-26,50.272033633154855,0.002757448112280958,45.18256756798051,42.89987363001669,0.22087146698792803,51.22850704539186,45.44966755909986,1.4119559464164482,1.3294120714189375,69.86462624800669
2024-12-27,49.91484830417691,-0.007105050326477791,45.345473862764464,42.92433841872364,0.22486854642993861,51.25047801534433,45.8409213125302,1.369508477469978,1.3374313526291457,66.29616930276885
2024-12-30,49.907022460871445,-0.00015678387436479646,45.5056454273108,42.94799856853187,0.2248959489952112,51.2566382733468,46.208433330093904,1.32002069546796,1.3339492211969086,66.21636786886998
2024-12-31,51.05952987177512,0.02309309099350232,45.674507709454886,42.97801065019852,0.22799533022449928,51.53501293089794,46.32631101787198,1.3581431589234327,1.3387880087422135,71.63199041085892
2025-01-01,49.872126925704144,-0.023255265942574876,45.82513451280961,43.00371910706347,0.24760921807029593,51.58533141257933,46.52441264359424,1.2778121683951582,1.3265928406728025,60.815308873753956
